taxon_name,taxon_harmonised
abies,Abies
abrus,Abrus
acacia,Acacia
acacia_albizia,Faidherbia albida
acacia_ehrenbergiana_type,Acacia
acacia_gerrardii,Vachellia gerrardii
acacia_group_i,Acacia
acacia_group_iii,Acacia
acacia_kamerunensis_type,Acacia
acacia_type,Acacia
acacia_type_i,Acacia
acacia_type_iii,Acacia
acacia_type_type_ii,Acacia
acacia_type_type_iii,Acacia
acanthaceae_undiff,Acanthaceae
acanthophoenix_rubra,Acanthophoenix rubra
acer,Acer
acridocarpus,Acridocarpus
adansonia,Adansonia
adansonia_digitata,Adansonia digitata
adenia,Adenia
adenia_type,Adenia
adenium,Adenium
adenorandia_type_a_kalbreyeri,Adenorandia
adina,Adina
aeschynomene,Aeschynomene
aeschynomene_afraspera_type,Aeschynomene
aeschynomene_baumii_type,Aeschynomene
aeschynomene_type,Aeschynomene
aeschynomene_type_a_baumii,Aeschynomene
aeschynomene_type_baumii,Aeschynomene
aeschynomene_type_elaphroxylon,Aeschynomene
afraegle,Afraegle
afraegle_paniculata,Afraegle paniculata
afraegle_type_a_paniculata,Afraegle
afzelia,Afzelia
afzelia,Seymeria
afzelia_africana_type,Afzelia
afzelia_africana_type,Seymeria
afzelia_cf_a_africana,Afzelia
afzelia_cf_a_africana,Seymeria
aidia,Aidia
aidia_micrantha_type,Aidia
aidia_type,Aidia
aidia_type_a_micrantha,Aidia
aidia_type_micrantha,Aidia
alangium,Alangium
alangium_chinense,Alangium chinense
albizia,Albizia
albizia_type,Albizia
alchornea,Alchornea
alchornea_type,Alchornea
allophylus,Oreophoetes
allophylus_abyssinicus_type,Oreophoetes
allophylus_africanus,Allophylus africanus
allophylus_protea,Oreophoetes
allophylus_protea_faurea,Oreophoetes
allophylus_type,Oreophoetes
alnus,Alnus
alnus_glutinosa,Alnus glutinosa
aloe,Aloe
aloe_type,Aloe
alstonia,Alstonia
alstonia_boonei,Alstonia boonei
alstonia_type,Alstonia
alstonia_type_a_boonei,Alstonia
amanoa_type,Amanoa
anacardiaceae,Anacardiaceae
anacardiaceae_undiff,Anacardiaceae
anacardium,Anacardium
andrachne,Andrachne
aningeria_type,Pouteria
anisotes,Anisotes
anisotes_type,Anisotes
annonaceae,Annonaceae
annonaceae_undiff,Annonaceae
anogeissus,Anogeissus
anogeissus_type_a_leiocarpa,Anogeissus
anopyxis,Anopyxis
anopyxis_klaineana,Anopyxis klaineana
anopyxis_type,Anopyxis
anopyxis_type_klaineana,Anopyxis
anthocleista,Anthocleista
anthonotha_type,Anthonotha
anthostema,Anthostema
anthostema_senegalense,Anthostema senegalense
anthostema_type,Anthostema
antiaris_type,Antiaris
antiaris_type_a_toxicaria,Antiaris
antidesma,Antidesma
antidesma_type,Antidesma
antidesma_type_a_venosum,Antidesma
antidesma_venosum,Antidesma venosum
antrocaryon,Antrocaryon
antrocaryon_type,Antrocaryon
aphloia_theiformis,Aphloia theiformis
aphloia_type_theiformis,Aphloia
apodytes,Apodytes
apodytes_dimidiata,Apodytes dimidiata
aporrhiza,Aporrhiza
aporrhiza_type,Aporrhiza
arbutus,Arbutus
arbutus_unedo,Arbutus unedo
ardisia,Ardisia
arecaceae,Arecaceae
arecaceae_mauritius_type_132b_de_boer,Arecaceae
arecaceae_type_mauritius_type_127_de_boer,Arecaceae
arecaceae_type_mauritius_type_137_de_boer,Arecaceae
arecaceae_type_mauritius_type_139_de_boer,Arecaceae
arecaceae_type_tetrad_mauritius_type_2_de_boer,Arecaceae
arecaceae_undiff,Arecaceae
argania_spinosa,Sideroxylon spinosum
argyrella_type_canescens,Argyrella
arthrocaulon_type,Arthrocaulon
ascarina,Ascarina
astropanax_abyssinicus,Astropanax abyssinicus
astropanax_barteri,Astropanax barteri
astropanax_goetzenii_type,Astropanax
astropanax_mannii_type,Astropanax
astropanax_myrianthus,Astropanax myrianthus
avicennia,Avicennia
azima_tetracantha,Azima tetracantha
baikiaea,Baikiaea
bakerella,Eoscyllina
bakerella,Bakerella
bakerella_socratina_type,Eoscyllina
bakerella_socratina_type,Bakerella
balanites,Balanites
balanites_aegyptiaca_type,Balanites
balanites_rotudinfolia_type,Balanites
baphia_type,Baphia
baphiopsis_parviflora,Baphiopsis parviflora
baphiopsis_type_parviflora,Baphiopsis
barbeya_oleoides,Barbeya oleoides
barbeyaceae,Barbeyaceae
barleria,Barleria
barringtonia,Barringtonia
bauhinia,Bauhinia
berberis,Berberis
berlinia,Berlinia
berlinia_type,Berlinia
bersama,Bersama
bersama_abyssinica,Bersama abyssinica
bersama_abyssinica_type,Bersama
bertiera,Bertiera
bertiera_type,Bertiera
betula,Betula
bignoniaceae,Bignoniaceae
bismarckia_nobilis,Bismarckia nobilis
blepharis,Blepharis
blepharis_type,Blepharis
blighia,Blighia
blighia_type,Blighia
blighia_type_b_unijugata,Blighia
blighia_type_unijugata,Blighia
blighia_unijugata_type,Blighia
bombax,Bombax
bombax_buonopozense_type,Bombax
bombax_costatum_type,Bombax
borassus,Borassus
borassus_hyphaene,Borassus
borassus_type,Borassus
borassus_type_aethiopum,Borassus
borassus_type_b_aethiopum,Borassus
boscia_cadaba,Melita
boscia_type,Melita
boscia_type_angustifolia,Melita
boscia_type_salicifolia,Melita
bosqueia,Trilepisium
bosqueia_phoberos,Trilepisium madagascariense
boswellia,Boswellia
botryospermum,Bothriospermum
brachylaena,Brachylaena
brachystegia,Brachystegia
bridelia,Bridelia
bridelia_ferruginea_type,Bridelia
bridelia_micrantha,Bridelia micrantha
bridelia_micrantha_type,Bridelia
bridelia_scleroneura_type,Bridelia
bridelia_type,Bridelia
bridelia_type_b_scleroneura,Bridelia
bridelia_type_scleroneura,Bridelia
brucea,Brucea
brucea_antidysenterica,Brucea antidysenterica
bruguiera,Bruguiera
bruniaceae,Bruniaceae
buddleja,Buddleja
burkea,Burkea
burkea_africana,Burkea africana
burseraceae,Burseraceae
butyrospermum,Vitellaria
buxus,Buxus
buxus_hildebrandtii_type,Buxus
buxus_madagascarica,Buxus madagascarica
buxus_madagascarica_type,Buxus
cadaba,Cadaba
cadaba_type,Cadaba
caesalpinia_haematoxylum,Caesalpinia
caesalpinia_type,Caesalpinia
caesalpinioideae,Fabaceae
caesalpinioideae_undiff,Fabaceae
calligonum,Calligonum
calligonum_polygonoides,Calligonum polygonoides
calluna,Calluna
calpocalyx_type,Calpocalyx
calpocalyx_type_c_letestui,Calpocalyx
calpocalyx_type_klainei,Calpocalyx
calpocalyx_type_letestui,Calpocalyx
calycobolus,Calycobolus
camellia_sinensis_type,Camellia
campylospermum,Cyrtospermites
campylospermum,Campylospermum
campylospermum_densiflorum,Gomphia densiflora
canarium,Canarium
canarium_type,Canarium
canthium,Canthium
canthium_gueinzii_type,Canthium
canthium_schimperianum,Psydrax schimperianus
canthium_schimperianum_type,Canthium
canthium_type,Canthium
capparaceae,Capparaceae
capparaceae_undiff,Capparaceae
capparis,Capparis
capparis_erythrocarpos,Capparis erythrocarpos
capparis_fascicularis_type,Capparis
capparis_tomentosa,Capparis tomentosa
capparis_tomentosa_type,Capparis
carapa,Carapa
carapa_ekebergia,Carapa
carapa_type_c_grandiflora,Carapa
carapa_type_c_procera,Carapa
carissa,Carissa
carissa_spinarum_type,Carissa
casearia,Casearia
cassia,Cassia
cassia_mimosoides_type,Cassia
cassia_type,Cassia
cassia_type_c_italica,Cassia
cassia_type_c_mimosoides,Cassia
cassine,Cassine
cassine_orientalis,Elaeodendron orientale
cassine_type,Cassine
cassipourea,Cassipourea
casuarina_type,Casuarina
catha_type,Catha
catha_type_c_edulis,Catha
catunaregam_type,Catunaregam
caucanthus_type,Caucanthus
cayratia_type,Cayratia
cedrus,Cedrus
cedrus_atlantica,Cedrus atlantica
cedrus_cf_c_atlantica,Cedrus
ceiba,Ceiba
ceiba_pentandra,Ceiba pentandra
celastraceae,Celastraceae
celastraceae_undiff,Celastraceae
celtis,Celtis
celtis_africana_type,Celtis
celtis_holoptelea_tetraporate,Celtis
celtis_hymenocardia,Celtis
celtis_toka,Celtis toka
cf_adenocarpus,Adenocarpus
cf_aeonium,Aeonium
cf_albizia,Albizia
cf_balanites,Balanites
cf_boscia,Melita
cf_cadaba,Cadaba
cf_capparis,Capparis
cf_casuarina_equisetifolia,Casuarina equisetifolia
cf_dialium,Dialium
cf_flacourtia,Flacourtia
cf_leonardoxa,Leonardoxa
cf_rhizophora,Rhizophora
cf_scolopia,Scolopia
cf_tabernaemontana,Tabernaemontana
cf_zanthoxylum,Zanthoxylum
chaetachme,Chaetachme
chaetachme_aristata,Chaetachme aristata
chrozophora_brocchiana_type,Chrozophora
chrysobalanus_parinari,Chrysobalanus
chrysobalanus_type,Chrysobalanus
chrysophyllum,Chrysophyllum
chrysophyllum_bangweolense_type,Chrysophyllum
cissampelos,Cissampelos
cissampelos_cf_c_mucronata,Cissampelos
cissampelos_mucronata_type,Cissampelos
cissampelos_type,Cissampelos
cissampelos_type_mucronata,Cissampelos
cissus,Cissus
cissus_quadrangularis_type,Cissus
cissus_type,Cissus
cissus_type_quadrangularis,Cissus
cistus,Cistus
clausena,Clausena
clausena_anisata,Clausena anisata
clausena_type_anisata,Clausena
cleistanthus,Cleistanthus
cleistanthus_type,Cleistanthus
cleistanthus_type_libericus,Cleistanthus
cleistanthus_type_polystachyus,Cleistanthus
clerodendrum,Clerodendrum
cliffortia,Cliffortia
cliffortia_nitidula,Cliffortia nitidula
cliffortia_nitidula_type,Cliffortia
clitandra,Clitandra
clusiaceae,Clusiaceae
clutia,Clutia
clutia_abyssinica,Clutia abyssinica
clutia_type,Clutia
cnestis_type,Cnestis
cocculus_pendulus,Cocculus pendulus
cocculus_pendulus_type,Cocculus
cochlospermum,Cochlospermum
coffea,Coffea
coffea_type,Coffea
cola,Cola
cola_cf_c_cordifolia,Cola
colophospermum_mopane,Colophospermum mopane
combretaceae,Combretaceae
combretaceae_melastomataceae,Combretaceae
combretaceae_melastomataceae_undiff,Combretaceae
combretaceae_type,Combretaceae
combretaceae_undiff,Combretaceae
combretum,Combretum
combretum_aculeatum_type,Combretum
combretum_molle_type,Combretum
combretum_type,Combretum
combretum_type_aculeatum,Combretum
combretum_type_c_molle,Combretum
combretum_type_molle,Combretum
commelina_type_benghalensis,Commelina
commiphora,Commiphora
commiphora_africana,Commiphora africana
commiphora_africana_type,Commiphora
commiphora_edulis_subsp_boiviniana_type,Commiphora edulis
commiphora_edulis_type,Commiphora
commiphora_type,Commiphora
connaraceae,Connaraceae
coptosperma_type_c_graveolens,Coptosperma
coptosperma_type_graveolens,Coptosperma
cordia,Cordia
cordia_africana_type,Cordia
cordia_hilsenbergia_type,Cordia
cordia_platythyrsa_type,Cordia
cordia_type,Cordia
cornus_subg_afrocrania,Cornus
cornus_volkensii,Cornus
corylus,Corylus
corylus_avellana,Corylus avellana
coula_edulis,Coula edulis
craterispermum,Craterispermum
crateva_adansonii,Crateva adansonii
crateva_type_adansonii,Crateva
cressa,Cressa
cressa_type,Cressa
cressa_type_c_cretica,Cressa
crossopteryx_febrifuga,Crossopteryx febrifuga
crossopteryx_type,Crossopteryx
crossopteryx_type_febrifuga,Crossopteryx
croton,Croton
croton_neoboutonia,Croton
croton_type,Croton
crudia_type,Crudia
crudia_type_c_zenkeri,Crudia
crudia_type_gabonensis,Crudia
cunoniaceae,Cunoniaceae
cupressaceae,Cupressaceae
cupressus,Cupressus
cupressus_lusitanica,Cupressus lusitanica
cussonia,Cussonia
cussonia_schefflera,Cussonia
cussonia_type,Cussonia
cylicodiscus,Cylicodiscus
cynometra_type,Cynometra
cyphostemma_mappia,Cyphostemma mappia
cyphostemma_type,Cyphostemma
cyphostemma_type_c_cyphopetalum,Cyphostemma
cytisus_type,Cytisus
dacryodes_type,Dacryodes
dalechampia,Dalechampia
daphne,Daphne
daphne_gnidium,Daphne gnidium
detarium,Detarium
dialium,Dialium
dialium_guineense,Dialium guineense
dichrostachys,Dichrostachys
dichrostachys_cinerea,Dichrostachys cinerea
dichrostachys_cinerea_type,Dichrostachys
dictyosperma_type,Dictyosperma
didelotia_type,Didelotia
diospyros,Diospyros
diospyros_mauritius_type_326_de_boer,Diospyros
diospyros_mauritius_type_363_de_boer,Diospyros
diospyros_type,Diospyros
dipterocarpaceae,Dipterocarpaceae
dipterocarpaceae_undiff,Dipterocarpaceae
dipterygium,Dipterygium
dissotis_type,Dissotis
distemonanthus_benthamianus,Distemonanthus benthamianus
dobera,Dobera
dodonaea,Dodonaea
dodonaea_mauritius_type_128_de_boer,Dodonaea
dodonaea_mauritius_type_167_de_boer,Dodonaea
dodonaea_viscosa,Dodonaea viscosa
dodonaea_viscosa_type,Dodonaea
dodonaea_viscosa_var_angustifolia,Dodonaea viscosa
dombeya,Dombeya
dombeya_cf_d_buetnerii,Dombeya
dombeya_elliptica_type,Dombeya
dombeya_type,Dombeya
dorstenia_kameruniana,Dorstenia kameruniana
dovyalis,Dovyalis
dracaena,Dracaena
dracaena_afromontana_type,Dracaena
dracaena_steudneri,Dracaena steudneri
dracaena_steudneri_type,Dracaena
dracaena_type,Dracaena
drypetes,Drypetes
drypetes_type,Drypetes
drypetes_type_d_gossweileri,Drypetes
dypsis,Dypsis
ebenaceae,Ebenaceae
ehretia_cymosa,Ehretia cymosa
ekebergia,Ekebergia
ekebergia_type,Ekebergia
ekebergia_type_capensis,Ekebergia
ekebergia_type_e_capensis,Ekebergia
elaeis,Elaeis
elaeis_guineensis,Elaeis guineensis
elaeocarpaceae,Elaeocarpaceae
elaeocarpus,Elaeocarpus
embelia,Embelia
embelia_type,Embelia
embelia_type_e_schimperi,Embelia
englerina,Englerina
englerophytum,Englerophytum
entada,Entada
entada_type,Entada
entandrophragma,Entandrophragma
entandrophragma_type,Entandrophragma
ephedra,Ephedra
ephedra_cf_e_distachya,Ephedra
ephedra_cf_e_fragilis,Ephedra
ephedra_distachya_type,Ephedra
ephedra_fragilis,Ephedra fragilis
ephedra_fragilis,Ephedra major
ephedra_fragilis_type,Ephedra
ephedra_undiff,Ephedra
ephippiandra,Ephippiandra
erica,Erica
erica_arborea,Erica arborea
erica_arbutus,Erica
erica_type,Erica
erica_type_arborea,Erica
erica_undiff,Erica
ericaceae,Ericaceae
ericaceae_undiff,Ericaceae
ericales,Ericales
eriocoelum_macrocarpum_type,Eriocoelum
eriocoelum_type,Eriocoelum
erythrina,Erythrina
erythrococca,Erythrococca
erythrococca_africana,Erythrococca africana
erythrococca_type,Erythrococca
erythrococca_type_type_3,Erythrococca
erythrococca_type_type_4,Erythrococca
erythrophleum,Erythrophleum
erythroxylaceae,Erythroxylaceae
eucalyptus,Eucalyptus
eucalyptus_type,Eucalyptus
euclea,Euclea
euclea_type,Euclea
eugenia,Eugenia
eugenia_syzygium,Eugenia
eugenia_type,Eugenia
euphorbia_type_abyssinica,Euphorbia
euphorbia_type_hirta,Euphorbia
euphorbia_type_umbellata,Euphorbia
excoecaria,Excoecaria
fadogia_type,Fadogia
fagaropsis,Fagaropsis
fagaropsis_angolensis,Fagaropsis angolensis
fagaropsis_type_f_angolensis,Fagaropsis
fagonia,Fagonia
faidherbia_albida,Faidherbia albida
faurea,Faurea
faurea_allophylus,Faurea
faurea_type,Faurea
ficalhoa,Ficalhoa
ficalhoa_type_f_laurifolia,Ficalhoa
ficus,Ficus
ficus_type,Ficus
flabellariopsis_type,Flabellariopsis
flacourtia,Flacourtia
fleroya_rubrostipulata_type,Mitragyna
flueggea,Flueggea
flueggea_type,Flueggea
flueggea_type_virosa,Flueggea
flueggea_virosa,Flueggea virosa
flueggea_virosa_type,Flueggea
foetidia_type,Foetidia
fraxinus,Fraxinus
fraxinus_type,Fraxinus
gaertnera,Gaertnera
gaertnera_paniculata_type,Gaertnera
gaertnera_type,Gaertnera
gagnebina,Gagnebina
galiniera,Galiniera
galiniera_coffeoides,Galiniera saxifraga
galiniera_saxifraga_type,Galiniera
galiniera_type,Galiniera
ganophyllum,Ganophyllum
ganophyllum_giganteum,Ganophyllum giganteum
ganophyllum_type_g_giganteum,Ganophyllum
garcinia,Garcinia
garcinia_livingstonei_type,Garcinia
garcinia_quadrifaria_type,Garcinia
garcinia_volkensii_type,Garcinia
gardenia,Gardenia
gardenia_imperialis,Gardenia imperialis
gardenia_ternifolia_var_jovis_tonantis,Gardenia ternifolia
gardenia_type,Gardenia
gardenia_type_imperialis,Gardenia
gardenia_undiff,Gardenia
gardenieae,Rubiaceae
gilbertiodendron_type_mayombense,Gilbertiodendron
glenniea,Glenniea
gnidia,Gnidia
gnidia_type,Gnidia
gnidia_type_chrysantha,Gnidia
gnidia_type_g_glauca,Gnidia
grewia,Grewia
grewia_type,Grewia
grewia_type_tenax,Grewia
guibourtia_type_demeusei,Guibourtia
guiera_senegalensis,Guiera senegalensis
gymnosporia,Gymnosporia
gymnosporia_senegalensis,Gymnosporia senegalensis
gymnosporia_type_senegalensis,Gymnosporia
haematostaphis_type_h_barteri,Haematostaphis
hagenia,Hagenia
hagenia_abyssinica,Hagenia abyssinica
harrisonia_type,Harrisonia
harungana,Harungana
harungana_madagascariensis,Harungana madagascariensis
harungana_madagascariensis_type,Harungana
hedera,Hedera
heteromorpha,Heteromorpha
heteromorpha,Phiala
heteromorpha,Diloba
heteromorpha,Pseudomorpha
heteromorpha_type,Heteromorpha
heteromorpha_type,Phiala
heteromorpha_type,Diloba
heteromorpha_type,Pseudomorpha
heteropterys,Heteropterys
hevea_brasiliensis,Hevea brasiliensis
hibiscus,Hibiscus
hibiscus_fragilis,Hibiscus fragilis
hibiscus_fragilis_type,Hibiscus
hibiscus_type,Hibiscus
hibiscus_type_micranthus,Hibiscus
hippocastanoideae,Sapindaceae
holoptelea,Holoptelea
holoptelea_grandis,Holoptelea grandis
homalium,Homalium
hua_gabonii,Hua gabonii
hugonia,Hugonia
hugonia_type_platysepala,Hugonia
hymenocardia,Hymenocardia
hymenocardia_acida_type,Hymenocardia
hymenocardia_chaetachme,Hymenocardia
hymenocardia_type_ulmoides,Hymenocardia
hymenodictyon,Hymenodictyon
hymenodictyon_floribundum_type,Hymenodictyon
hymenodictyon_type,Hymenodictyon
hymenodictyon_type_floribundum,Hymenodictyon
hymenodictyon_type_h_floribundum,Hymenodictyon
hymenostegia,Hymenostegia
hymenostegia_type_pellegrini,Hymenostegia
hyophorbe_type,Hyophorbe
hyphaene,Hyphaene
hyphaene_type,Hyphaene
hyptis,Hyptis
hyptis_type,Hyptis
icacinaceae,Icacinaceae
ilex,Ilex
ilex_aquifolium,Ilex aquifolium
ilex_mitis,Ilex mitis
indigofera,Indigofera
indigofera_schimperi_type,Indigofera
indigofera_type,Indigofera
indigofera_type_schimperi,Indigofera
iodes,Iodes
irvingia,Irvingia
irvingia_type,Irvingia
irvingia_type_gabonensis,Irvingia
irvingia_type_i_wombolu,Irvingia
irvingiaceae,Irvingiaceae
irvingiaceae_undiff,Irvingiaceae
isoberlinia,Isoberlinia
isoberlinia_type,Isoberlinia
ixora,Ixora
ixora_type,Ixora
ixora_type_brachypoda,Ixora
ixora_type_i_brachypoda,Ixora
jasminum_abyssinicum,Jasminum abyssinicum
jasminum_abyssinicum_type,Jasminum
jatropha_croton,Jatropha
jatropha_type,Jatropha
juglans,Juglans
julbernardia,Julbernardia
julbernardia_paniculata_type,Julbernardia
julbernardia_seretii_type,Julbernardia
julbernardia_type_1,Julbernardia
julbernardia_type_2,Julbernardia
juniperus,Juniperus
juniperus_cf_j_procera,Juniperus
juniperus_procera,Juniperus procera
juniperus_type,Juniperus
juniperus_type_procera,Juniperus
justicia_type_odora,Justicia
kalanchoe,Kalanchoe
keetia,Keetia
keetia_gueinzii_type,Keetia
keetia_type_gueinzii,Keetia
keetia_type_k_cornelia,Keetia
keetia_type_k_venosa,Keetia
khaya,Khaya
khaya_type,Khaya
kiggelaria,Kiggelaria
kiggelaria_africana,Kiggelaria africana
kirkia,Kirkomyces
kirkia,Kirkia
klaineanthus_gaboniae,Klaineanthus gaboniae
kohautia,Kohautia
labourdonnaisia_type,Labourdonnaisia
landolphia,Landolphia
landolphia_type,Landolphia
landolphia_type_type_3,Landolphia
lannea,Lannea
lannea_sclerocarya,Lannea
lannea_type,Lannea
lantana_type_viburnoides,Lantana
lasianthus,Lasianthus
latania_dracaena_type,Latania
latania_type,Latania
lauraceae,Lauraceae
laurus,Laurus
laurus_nobilis,Laurus nobilis
lawsonia,Lawsonia
lawsonia_type_inermis,Lawsonia
lecaniodiscus_lepisanthes_senegalensis,Lecaniodiscus
lecaniodiscus_type_cupanioides,Lecaniodiscus
lecaniodiscus_type_l_cupanioides,Lecaniodiscus
leonardoxa_type,Leonardoxa
lepisanthes,Lepisanthes
lepisanthes_type_l_senegalensis,Lepisanthes
lepisanthes_type_senegalensis,Lepisanthes
leptactina,Leptactina
leptaulus,Leptaulus
lindackeria,Lindackeria
lindackeria_type,Lindackeria
linociera,Chionanthus
lippia_type,Lippia
loesenera_type,Loesenera
lonchocarpus,Lonchocarpus
lonicera_type,Lonicera
lophira,Lophira
lophira_alata,Lophira alata
lophira_lanceolata_type,Lophira
loranthaceae,Loranthaceae
loranthaceae_undiff,Loranthaceae
lycium,Lycium
macaranga,Macaranga
macaranga_capensis,Macaranga capensis
macaranga_kilimandscharica,Macaranga kilimandscharica
macaranga_type,Macaranga
maclura,Maclura
maerua,Maerua
maerua_ritchiea,Maerua
maerua_type,Maerua
maesa,Maesa
maesa_lanceolata,Maesa ramentacea
maesa_lanceolata_type,Maesa
maesa_type_m_lanceolata,Maesa
maesobotrya_barteri_type,Maesobotrya
maesopsis_eminii,Maesopsis eminii
maesopsis_type,Maesopsis
majidea,Majidea
mallotus,Mallotus
mallotus_oppositifolius,Mallotus oppositifolius
mallotus_type,Mallotus
mallotus_type_m_oppositifolius,Mallotus
malpighiaceae,Malpighiaceae
mangifera_indica,Mangifera indica
manilkara,Manilkara
manilkara_type,Manilkara
mansonia_altissima_type,Mansonia
maprounea,Maprounea
maranthes_type,Maranthes
mareya_type,Mareya
margaritaria,Margaritaria
margaritaria_discoidea,Margaritaria discoidea
margaritaria_type_discoidea,Margaritaria
markhamia,Markhamia
markhamia_zanzibarica_type,Markhamia
martretia,Martretia
martretia_quadricornis,Martretia quadricornis
maytenus,Maytenus
melastomataceae,Melastomataceae
melastomataceae_undiff,Melastomataceae
meliaceae,Meliaceae
meliaceae_sapotaceae,Meliaceae
meliaceae_undiff,Meliaceae
melochia,Melochia
microdesmis,Microdesmis
milicia_type_excelsa,Milicia
mimosa,Mimosa
mimosa_pigra,Mimosa pigra
mimosa_pigra_type,Mimosa
mimosa_type_pigra,Mimosa
mimosoid_clade,Fabaceae
mimosoid_clade_undiff,Fabaceae
mimusops,Mimusops
mimusops_kummel,Mimusops kummel
mimusops_type,Mimusops
mitragyna,Mitragyna
mitragyna_inermis,Mitragyna inermis
mitragyna_inermis_type,Mitragyna
mitragyna_type,Mitragyna
mitragyna_type_m_inermis,Mitragyna
mitragyna_type_m_rubrostipulata,Mitragyna
mitragyna_type_rubrostipulata,Mitragyna
mitragyna_type_stipulosa,Mitragyna
molinaea,Molinaea
monimia_type,Monimia
monimiaceae,Monimiaceae
monotes_lutambensis,Monotes lutambensis
moraceae,Moraceae
moraceae_diporate,Moraceae
moraceae_triporate,Moraceae
moraceae_type,Moraceae
moraceae_undiff,Moraceae
morelia_senegalensis,Morelia senegalensis
morella,Morella
morella_faya,Morella faya
morella_salicifolia,Morella salicifolia
morinda,Morinda
morus,Morus
morus_type,Morus
musanga,Musanga
musanga_myrianthus,Musanga
musanga_type,Musanga
mussaenda,Mussaenda
myrianthus,Myrianthus
myrianthus_holstii_type,Myrianthus
myrianthus_serratus,Myrianthus serratus
myrianthus_type,Myrianthus
myrianthus_type_arboreus,Myrianthus
myrianthus_type_holstii,Myrianthus
myrianthus_type_m_arboreus,Myrianthus
myrianthus_type_m_holstii,Myrianthus
myrica,Myrica
myrica_type,Myrica
myricaceae,Myricaceae
myrothamnus,Myrothamnus
myrsine,Myrsine
myrsine_africana,Myrsine africana
myrtaceae,Myrtaceae
myrtaceae_undiff,Myrtaceae
myrtus,Myrtus
myrtus_communis,Myrtus communis
nauclea,Nauclea
nauclea_type,Nauclea
neoboutonia,Neoboutonia
neoboutonia_macrocalyx,Neoboutonia macrocalyx
neoboutonia_type,Neoboutonia
neoboutonia_type_macrocalyx,Neoboutonia
nerium,Nerium
nesogordonia,Nesogordonia
newtonia_type,Newtonia
newtonia_type,Cerithiella
noronhia,Noronhia
nuxia,Nuxia
nuxia_congesta,Nuxia congesta
nuxia_dobera,Nuxia
nuxia_ficalhoa,Nuxia
nuxia_floribunda,Nuxia floribunda
nuxia_type,Nuxia
nuxia_type_n_congesta,Nuxia
nuxia_verticillata,Nuxia verticillata
ochnaceae_undiff,Ochnaceae
ochthocosmus,Ochthocosmus
ocotea,Ocotea
olacaceae,Olacaceae
olax,Olax
oldfieldia_type,Oldfieldia
olea,Olea
olea_capensis,Olea capensis
olea_capensis_subsp_hochstetteri,Olea capensis hochstetteri
olea_capensis_type,Olea
olea_europaea,Olea europaea
olea_europaea_subsp_cuspidata,Olea europaea cuspidata
olea_europaea_type,Olea
olea_hochstetteri_type,Olea
olea_type,Olea
olea_welwitschii,Olea welwitschii
oleaceae,Oleaceae
oleaceae_undiff,Oleaceae
oligocodon_type_cunliffeae,Oligocodon
olinia,Olinia
oncoba_type,Oncoba
operculicarya,Operculicarya
ormocarpum,Ormocarpum
ormocarpum_type,Ormocarpum
ormocarpum_type_o_trichocarpum,Ormocarpum
ostrya,Ostrya
ostrya_type,Ostrya
osyris,Osyris
ouratea,Ouratea
ouratea_type,Ouratea
ozoroa_type,Ozoroa
pachypodium,Pachypodium
pachypodium_type,Pachypodium
pancovia,Comarum
pancovia,Pancovia
pancovia_type_bijuga,Comarum
pancovia_type_bijuga,Pancovia
pancovia_type_p_bijuga,Comarum
pancovia_type_p_bijuga,Pancovia
pandanus,Pandanus
pandanus_mauritius_type_131_de_boer,Pandanus
pandanus_type,Pandanus
pappea_capensis,Pappea capensis
pappea_capensis,Choritaenia capensis
pappea_type_capensis,Choritaenia
parinari,Parinari
parinari_type,Parinari
parkia,Parkia
parkia_type,Parkia
parkinsonia,Parkinsonia
passerina,Passerina
passifloraceae,Passifloraceae
paullinia,Paullinia
paullinia_pinnata,Paullinia pinnata
pausinystalia,Pausinystalia
pausinystalia_type,Pausinystalia
pausinystalia_type_macroceras,Pausinystalia
pausinystalia_type_p_macroceras,Pausinystalia
pavetta,Pavetta
pavetta_elliotti_type,Pavetta
pavetta_gardeniifolia_type,Pavetta
pavetta_type_elliottii,Pavetta
peltophorum,Peltophorum
penaeaceae,Penaeaceae
pentaclethra,Pentaclethra
pentaclethra_eetveldeana,Pentaclethra eetveldeana
pentaclethra_macrophylla,Pentaclethra macrophylla
pentadesma,Pentadesma
pentas,Pentas
pentas_type,Pentas
pentzia_type,Pentzia
periploca,Periploca
periplocoideae,Apocynaceae
phaulopsis,Phaulopsis
phaulopsis_type,Phaulopsis
phillyrea,Phillyrea
phillyrea_angustifolia,Phillyrea angustifolia
phoenix,Phoenix
phoenix_cf_p_reclinata,Phoenix
phoenix_reclinata,Phoenix reclinata
phoenix_reclinata_type,Phoenix
phylica,Phylica
phyllanthus_muellerianus_type,Phyllanthus
phyllanthus_reticulatus,Phyllanthus reticulatus
phyllanthus_reticulatus_type,Phyllanthus
phyllanthus_type_maderaspatensis,Phyllanthus
phyllanthus_type_muellerianus,Phyllanthus
phyllanthus_type_p_muellerianus,Phyllanthus
phyllanthus_type_p_nummulariifolius,Phyllanthus
phyllanthus_type_p_reticularus,Phyllanthus
phyllanthus_type_reticulatus,Phyllanthus
picea,Picea
piliostigma,Piliostigma
piliostigma_thonningii,Piliostigma thonningii
piliostigma_thonningii_type,Piliostigma
pinaceae,Pinaceae
pinus,Pinus
pinus_canariensis,Pinus canariensis
pinus_halepensis,Pinus halepensis
pinus_halepensis_type,Pinus
piptadenia_type,Piptadenia
piptadeniastrum_africanum,Piptadeniastrum africanum
piptadeniastrum_type_p_africanum,Piptadeniastrum
pistacia,Pistacia
pistacia_lentiscus,Pistacia lentiscus
plagiostyles_africana,Plagiostyles africana
plicosephalus_type,Plicosepalus
podocarpaceae,Podocarpaceae
podocarpus,Podocarpus
podocarpus_latifolius,Podocarpus latifolius
podocarpus_type,Podocarpus
polyscias,Polyscias
polyscias_fulva,Polyscias fulva
polyscias_fulva_type,Polyscias
polyscias_type,Polyscias
pouteria,Pouteria
pouteria_type,Pouteria
prosopis,Prosopis
prosopis,Prosopeus
prosopis_entada,Prosopis
prosopis_entada,Prosopeus
prosopis_type_africana,Prosopis
prosopis_type_africana,Prosopeus
protea,Protea
protea_type,Protea
proteaceae,Proteaceae
proteaceae_type_ii,Proteaceae
proteaceae_type_iv,Proteaceae
protium_obtusifolium,Protium obtusifolium
prunus,Prunus
prunus_africana,Pygeum africanum
prunus_africana_type,Prunus
prunus_type,Prunus
pseudocedrela_kotschyi,Pseudocedrela kotschyi
pseudospondias,Pseudospondias
pseudospondias_type,Pseudospondias
psidium_cattleianum,Psidium cattleianum
psiloxylon_mauritianum,Psiloxylon mauritianum
psorospermum,Psorospermum
psorospermum_febrifugum_type,Psorospermum
psychotria,Psychotria
psychotria_amboniana_type,Psychotria
psychotria_type,Psychotria
psychotria_type_amboniana,Psychotria
psydrax_schimperiana_type,Psydrax
psydrax_subcordata,Psydrax subcordatus
psydrax_type_p_schimperiana,Psydrax
psydrax_type_p_subcordata,Psydrax
psydrax_type_schimperiana,Psydrax
psydrax_type_subcordata,Psydrax
pterocarpus,Pterocarpus
pterocarpus_type,Pterocarpus
pterocarpus_type_angolensis,Pterocarpus
pterocarpus_type_lucens,Pterocarpus
pterolobium_stellatum,Pterolobium stellatum
pterygota,Pterygota
pycnanthus,Pycnanthus
pycnanthus_angolensis_type,Pycnanthus
quercus,Quercus
quercus_canariensis,Quercus canariensis
quercus_canariensis_q_pyrenaica,Quercus
quercus_cf_q_canariensis,Quercus
quercus_cf_q_rotundifolia,Quercus
quercus_coccifera,Quercus coccifera
quercus_deciduous_type,Quercus
quercus_evergreen_type,Quercus
quercus_faginea,Quercus faginea
quercus_ilex,Quercus ilex
quercus_ilex_q_coccifera,Quercus
quercus_ilex_type,Quercus
quercus_robur_type,Quercus
quercus_suber,Quercus suber
quercus_suber_type,Quercus
randia,Randia
rapanea,Myrsine
rapanea_melanophloeos,Myrsine melanophloeos
rapanea_melanophloeos_type,Myrsine
raphia,Raphia
raphia_type,Raphia
raphiostylis,Raphiostyles
rauvolfia,Rauvolfia
ravenea_type,Ravenea
rhamnaceae,Rhamnaceae
rhamnaceae_undiff,Rhamnaceae
rhamnus,Rhamnus
rhamnus_type,Rhamnus
rhanterium_type,Rhanterium
rhaphiostylis,Rhaphiostylis
rhizophora,Rhizophora
rhus,Rhus
rhus_coriaria_type,Rhus
rhus_longipes,Searsia longipes
rhus_rehmanniana_var_rehmanniana,Searsia rehmanniana
rhus_type,Rhus
rhus_type_vulgaris,Rhus
rhus_undiff,Rhus
rinorea,Rinorea
rinorea_type,Rinorea
ritchiea,Ritchiea
rosa,Rosa
rubiaceae,Rubiaceae
rubiaceae_type,Rubiaceae
rubiaceae_type_mauritius_type_121_de_boer,Rubiaceae
rubiaceae_type_mauritius_type_164_de_boer,Rubiaceae
rubiaceae_type_mauritius_type_67_de_boer,Rubiaceae
rubiaceae_type_mauritius_type_70_de_boer,Rubiaceae
rubiaceae_undiff,Rubiaceae
rubus,Rubus
rubus_pinnatus_type,Rubus
rubus_type,Rubus
ruschia,Ruschia
ruschia_type,Ruschia
rutaceae,Rutaceae
rutaceae_undiff,Rutaceae
rytigynia,Rytigynia
sabicea,Sabicea
sabicea_africana,Stipularia africana
sacoglottis_gabonensis,Sacoglottis gabonensis
salacia,Salacia
salacia_senegalensis,Salacia senegalensis
salacia_type,Salacia
salicaceae,Salicaceae
salicaceae_undiff,Salicaceae
salix,Salix
salix_cf_s_ledermanii,Salix
salix_subserrata,Salix mucronata
salix_subserrata_type,Salix
salvadora,Salvadora
salvadora_persica,Salvadora persica
salvadora_persica_type,Salvadora
salvadora_type_persica,Salvadora
salvadoraceae,Salvadoraceae
sambucus,Sambucus
santalaceae,Santalaceae
santiria_trimera,Pachylobus trimerus
santiria_type,Santiria
sapindaceae,Sapindaceae
sapindaceae_undiff,Sapindaceae
sapium,Sapium
sapium_type,Sapium
sapotaceae,Sapotaceae
sapotaceae_reticulated,Sapotaceae
sapotaceae_type,Sapotaceae
sapotaceae_undiff,Sapotaceae
schefflera,Schefflera
schefflera_abyssinica_type,Schefflera
schefflera_myriantha_type,Schefflera
schefflera_type,Schefflera
schefflera_volkensii,Astropanax volkensii
schrebera,Schrebera
sclerocarya,Sclerocarya
sclerocarya_birrea_type,Sclerocarya
sclerochiton,Sclerochiton
sclerosperma,Sclerosperma
scorodophloeus_zenkeri_type,Scorodophloeus
scottellia_klaineana_type,Scottellia
searsia,Searsia
searsia_natalensis,Searsia natalensis
searsia_type_s_natalensis,Searsia
searsia_type_s_tripartita,Searsia
securinega,Securinega
securinega_type,Securinega
securinega_virosa,Flueggea virosa
senna,Senna
senna_type_didymobotrya,Senna
senna_type_italica,Senna
sericocomopsis_type,Sericocomopsis
sherbournia,Sherbournia
shirakiopsis_elliptica_type,Shirakiopsis
shirakiopsis_type_elliptica,Shirakiopsis
shirakiopsis_type_s_elliptica,Shirakiopsis
sideroxylon,Sideroxylon
sideroxylon_cf_s_grandiflorum,Sideroxylon
sideroxylon_cf_s_sessiliflorum,Sideroxylon
sideroxylon_type,Sideroxylon
sideroxylon_type_oxyacanthum,Sideroxylon
solanecio_type_mannii,Solanecio
sorindeia,Sorindeia
sorindeia_type,Sorindeia
sorindeia_type_madagascariensis,Sorindeia
sorindeia_type_s_juglandifolia,Sorindeia
spathodea,Spathodea
spirostachys,Allenrolfea
stachyothyrsus,Stachyothyrsus
sterculia,Sterculia
sterculia_type,Sterculia
sterculioideae,Malvaceae
stereospermum,Stereospermum
strombosia,Strombosia
strombosia_scheffleri_type,Strombosia
strombosia_type,Strombosia
strychnos,Strychnos
suaeda_type_monoica,Suaeda
swertia_type_kilimandscharica,Swertia
symphonia,Symphonia
symphonia_globulifera,Symphonia globulifera
syzygium,Syzygium
syzygium_type,Syzygium
syzygium_type_guineense,Syzygium
tabernaemontana,Tabernaemontana
tabernaemontana_type,Tabernaemontana
talipariti_tiliaceum,Talipariti tiliaceum
tamaricaceae,Tamaricaceae
tamarindus,Tamarindus
tamarindus_type_indica,Tamarindus
tamarindus_type_t_indica,Tamarindus
tamarix,Tamarix
tamarix_senegalensis,Tamarix senegalensis
tambourissa_purpurea_type,Tambourissa
tapinanthus,Tapinanthus
tapinanthus_type,Tapinanthus
tapura,Tapura
tapura_fischeri_type,Tapura
tarchonantheae,Tarchonanthea
tarchonanthus,Tarchonanthus
tarchonanthus_camphoratus,Tarchonanthus camphoratus
tarchonanthus_type_camphoratus,Tarchonanthus
tarenna,Tarenna
tarenna_type,Tarenna
taxus,Taxus
taxus_baccata,Taxus
teclea,Vepris
teclea_type,Vepris
tectona_grandis,Tectona grandis
terminalia,Terminalia
terminalia_benzoin,Terminalia benzoin
tetracera,Tetracera
tetracera_alnifolia,Tetracera alnifolia
tetracera_alnifolia_type,Tetracera
tetracera_type,Tetracera
tetraena_simplex_type,Tetraena
tetrapleura,Tetrapleura
tetrapleura_tetraptera_type,Tetrapleura tetraptera
tetrorchidium,Tetrorchidium
theaceae,Theaceae
thecacoris,Thecacoris
thecacoris_type,Thecacoris
tilia,Tilia
tilioideae,Malvaceae
tilioideae_undiff,Malvaceae
tinospora_bakis,Tinospora bakis
toddalia,Zanthoxylum
toddalia_asiatica,Zanthoxylum asiaticum
toddalia_asiatica_type,Zanthoxylum asiaticum
toddalia_type_asiatica,Zanthoxylum
toddalia_type_t_asiatica,Zanthoxylum
treculia,Treculia
treculia_africana,Treculia africana
treculia_type_africana,Treculia
trema,Trema
trema_orientalis,Trema orientalis
trema_orientalis_type,Trema orientalis
trema_type_orientalis,Trema
trema_type_t_orientalis,Trema
tricalysia,Tricalysia
trichilia,Trichilia
trichilia_type,Trichilia
trichocladus,Trichocladus
trichocladus_ellipticus,Trichocladus ellipticus
trichocladus_ellipticus_type,Trichocladus ellipticus
trichocladus_type,Trichocladus
trichoscypha,Trichoscypha
trichoscypha_type,Trichoscypha
trichoscypha_type_arborea,Trichoscypha
trilepisium,Trilepisium
trilepisium_madagascariense_type,Trilepisium madagascariense
trilepisium_type_madagascariense,Trilepisium
trilepisium_type_t_madagascariense,Trilepisium
triplochiton_scleroxylon,Triplochiton scleroxylon
triumfetta,Triumfetta
triumfetta_type,Triumfetta
trochetia_mauritius_type_146_de_boer,Trochetia
trochetia_mauritius_type_174_de_boer,Trochetia
trymatococcus,Trymatococcus
uapaca,Uapaca
uapaca_guineensis_type,Uapaca guineensis
uapaca_heudelotii,Uapaca heudelotii
uapaca_kirkiana,Uapaca kirkiana
uapaca_kirkiana_type,Uapaca kirkiana
uapaca_nitida,Uapaca nitida
uapaca_nitida_type,Uapaca nitida
uapaca_staudtii,Uapaca staudtii
uapaca_undiff,Uapaca
ulex_type,Ulex
ulmaceae,Ulmaceae
ulmus,Ulmus
uncaria_type_africana,Uncaria
uncaria_type_u_africana,Uncaria
urticaceae_moraceae,Urticaceae
urticaceae_moraceae_undiff,Urticaceae
vangueria_type_madagascariensis,Vangueria
vepris_nobilis,Vepris nobilis
vepris_type,Vepris
vepris_type_dainellii,Vepris
vepris_type_nobilis,Vepris
vepris_type_v_nobilis,Vepris
viburnum,Viburnum
vismia,Vismia
vitaceae,Vitaceae
vitaceae_undiff,Vitaceae
vitellaria,Vitellaria
vitellaria_type_v_paradoxa,Vitellaria
vitex,Vitex
vitex_doniana,Vitex doniana
vitex_type,Vitex
vitis,Vitis
waltheria,Waltheria
waltheria_type,Waltheria
weinmannia,Weinmannia
welwitschia_mirabilis,Welwitschia mirabilis
widdringtonia,Widdringtonia
ximenia,Ximenia
ximenia_americana,Ximenia americana
xymalos,Xymalos
zaleya_type,Zaleya
zanha,Zanha
zanha_golungensis_type,Zanha golungensis
zanha_type_golungensis,Zanha
zanthoxylum,Zanthoxylum
zanthoxylum_chalybeum_type,Zanthoxylum chalybaeum
zanthoxylum_gilletii,Zanthoxylum gilletii
zanthoxylum_type,Zanthoxylum
zanthoxylum_type_chalybeum,Zanthoxylum
zanthoxylum_type_usambarense,Zanthoxylum
zanthoxylum_type_z_gilletii,Zanthoxylum
zanthoxylum_type_z_usambarense,Zanthoxylum
zanthoxylum_undiff,Zanthoxylum
zanthoxylum_usambarense,Zanthoxylum usambarense
zanthoxylum_usambarense_type,Zanthoxylum usambarense
zanthoxylum_zanthoxyloides,Zanthoxylum zanthoxyloides
ziziphus,Ziziphus
ziziphus_type,Ziziphus
zygophyllaceae,Zygophyllaceae
