taxon_name,neotoma_names,neotoma_names_clean
abies,Abies,Abies
abrus,Abrus,Abrus
acacia,Acacia,Acacia
acacia_albizia,Acacia/Albizia,Acacia Albizia
acacia_ehrenbergiana_type,Acacia ehrenbergiana-type,Acacia Ehrenbergiana-Type
acacia_gerrardii,Acacia gerrardii,Acacia Gerrardii
acacia_group_i,Acacia (group I),Acacia Group i)
acacia_group_iii,Acacia (group III),Acacia Group Iii)
acacia_kamerunensis_type,Acacia kamerunensis-type,Acacia Kamerunensis-Type
acacia_type,Acacia-type,Acacia Type
acacia_type_i,Acacia (type I),Acacia Type i)
acacia_type_iii,Acacia (type III),Acacia Type Iii)
acacia_type_type_ii,Acacia-type (type II),Acacia Type(Type Ii)
acacia_type_type_iii,Acacia-type (type III),Acacia Type(Type Iii)
acanthaceae_undiff,Acanthaceae undiff.,Acanthaceae Undiff
acanthophoenix_rubra,Acanthophoenix rubra,Acanthophoenix Rubra
acer,Acer,Acer
acridocarpus,Acridocarpus,Acridocarpus
adansonia,Adansonia,Adansonia
adansonia_digitata,Adansonia digitata,Adansonia Digitata
adenia,Adenia,Adenia
adenia_type,Adenia-type,Adenia Type
adenium,Adenium,Adenium
adenorandia_type_a_kalbreyeri,Adenorandia-type (A. kalbreyeri),Adenorandia Type(a Kalbreyeri)
adina,Adina,Adina
aeschynomene,Aeschynomene,Aeschynomene
aeschynomene_afraspera_type,Aeschynomene afraspera-type,Aeschynomene Afraspera-Type
aeschynomene_baumii_type,Aeschynomene baumii-type,Aeschynomene Baumii-Type
aeschynomene_type,Aeschynomene-type,Aeschynomene Type
aeschynomene_type_a_baumii,Aeschynomene-type (A. baumii),Aeschynomene Type(a Baumii)
aeschynomene_type_baumii,Aeschynomene-type baumii,Aeschynomene Type Baumii
aeschynomene_type_elaphroxylon,Aeschynomene-type elaphroxylon,Aeschynomene Type Elaphroxylon
afraegle,Afraegle,Afraegle
afraegle_paniculata,Afraegle paniculata,Afraegle Paniculata
afraegle_type_a_paniculata,Afraegle-type (A. paniculata),Afraegle Type(a Paniculata)
afzelia,Afzelia,Afzelia
afzelia_africana_type,Afzelia africana-type,Afzelia Africana-Type
afzelia_cf_a_africana,Afzelia cf. A. africana,Afzelia Cf a Africana
aidia,Aidia,Aidia
aidia_micrantha_type,Aidia micrantha-type,Aidia Micrantha-Type
aidia_type,Aidia-type,Aidia Type
aidia_type_a_micrantha,Aidia-type (A. micrantha),Aidia Type(a Micrantha)
aidia_type_micrantha,Aidia-type micrantha,Aidia Type Micrantha
alangium,Alangium,Alangium
alangium_chinense,Alangium chinense,Alangium Chinense
albizia,Albizia,Albizia
albizia_type,Albizia-type,Albizia Type
alchornea,Alchornea,Alchornea
alchornea_type,Alchornea-type,Alchornea Type
allophylus,Allophylus,Allophylus
allophylus_abyssinicus_type,Allophylus abyssinicus-type,Allophylus Abyssinicus-Type
allophylus_africanus,Allophylus africanus,Allophylus Africanus
allophylus_protea,Allophylus/Protea,Allophylus Protea
allophylus_protea_faurea,Allophylus/Protea/Faurea,Allophylus Protea/Faurea
allophylus_type,Allophylus-type,Allophylus Type
alnus,Alnus,Alnus
alnus_glutinosa,Alnus glutinosa,Alnus Glutinosa
aloe,Aloe,Aloe
aloe_type,Aloe-type,Aloe Type
alstonia,Alstonia,Alstonia
alstonia_boonei,Alstonia boonei,Alstonia Boonei
alstonia_type,Alstonia-type,Alstonia Type
alstonia_type_a_boonei,Alstonia-type (A. boonei),Alstonia Type(a Boonei)
amanoa_type,Amanoa-type,Amanoa Type
anacardiaceae,Anacardiaceae,Anacardiaceae
anacardiaceae_undiff,Anacardiaceae undiff.,Anacardiaceae Undiff
anacardium,Anacardium,Anacardium
andrachne,Andrachne,Andrachne
aningeria_type,Aningeria-type,Aningeria Type
anisotes,Anisotes,Anisotes
anisotes_type,Anisotes-type,Anisotes Type
annonaceae,Annonaceae,Annonaceae
annonaceae_undiff,Annonaceae undiff.,Annonaceae Undiff
anogeissus,Anogeissus,Anogeissus
anogeissus_type_a_leiocarpa,Anogeissus-type (A. leiocarpa),Anogeissus Type(a Leiocarpa)
anopyxis,Anopyxis,Anopyxis
anopyxis_klaineana,Anopyxis klaineana,Anopyxis Klaineana
anopyxis_type,Anopyxis-type,Anopyxis Type
anopyxis_type_klaineana,Anopyxis-type klaineana,Anopyxis Type Klaineana
anthocleista,Anthocleista,Anthocleista
anthonotha_type,Anthonotha-type,Anthonotha Type
anthostema,Anthostema,Anthostema
anthostema_senegalense,Anthostema senegalense,Anthostema Senegalense
anthostema_type,Anthostema-type,Anthostema Type
antiaris_type,Antiaris-type,Antiaris Type
antiaris_type_a_toxicaria,Antiaris-type (A. toxicaria),Antiaris Type(a Toxicaria)
antidesma,Antidesma,Antidesma
antidesma_type,Antidesma-type,Antidesma Type
antidesma_type_a_venosum,Antidesma-type (A. venosum),Antidesma Type(a Venosum)
antidesma_venosum,Antidesma venosum,Antidesma Venosum
antrocaryon,Antrocaryon,Antrocaryon
antrocaryon_type,Antrocaryon-type,Antrocaryon Type
aphloia_theiformis,Aphloia theiformis,Aphloia Theiformis
aphloia_type_theiformis,Aphloia-type theiformis,Aphloia Type Theiformis
apodytes,Apodytes,Apodytes
apodytes_dimidiata,Apodytes dimidiata,Apodytes Dimidiata
aporrhiza,Aporrhiza,Aporrhiza
aporrhiza_type,Aporrhiza-type,Aporrhiza Type
arbutus,Arbutus,Arbutus
arbutus_unedo,Arbutus unedo,Arbutus Unedo
ardisia,Ardisia,Ardisia
arecaceae,Arecaceae,Arecaceae
arecaceae_mauritius_type_132b_de_boer,"Arecaceae (Mauritius type 132b, de Boer)","Arecaceae Mauritius Type 132b,De Boer)"
arecaceae_type_mauritius_type_127_de_boer,"Arecaceae-type (Mauritius type 127, de Boer)","Arecaceae Type(Mauritius Type 127,De Boer)"
arecaceae_type_mauritius_type_137_de_boer,"Arecaceae-type (Mauritius type 137, de Boer)","Arecaceae Type(Mauritius Type 137,De Boer)"
arecaceae_type_mauritius_type_139_de_boer,"Arecaceae-type (Mauritius type 139, de Boer)","Arecaceae Type(Mauritius Type 139,De Boer)"
arecaceae_type_tetrad_mauritius_type_2_de_boer,"Arecaceae-type (tetrad, Mauritius type 2, de Boer)","Arecaceae Type(Tetrad,Mauritius Type 2,De Boer)"
arecaceae_undiff,Arecaceae undiff.,Arecaceae Undiff
argania_spinosa,Argania spinosa,Argania Spinosa
argyrella_type_canescens,Argyrella-type canescens,Argyrella Type Canescens
arthrocaulon_type,Arthrocaulon-type,Arthrocaulon Type
ascarina,Ascarina,Ascarina
astropanax_abyssinicus,Astropanax abyssinicus,Astropanax Abyssinicus
astropanax_barteri,Astropanax barteri,Astropanax Barteri
astropanax_goetzenii_type,Astropanax goetzenii-type,Astropanax Goetzenii-Type
astropanax_mannii_type,Astropanax mannii-type,Astropanax Mannii-Type
astropanax_myrianthus,Astropanax myrianthus,Astropanax Myrianthus
avicennia,Avicennia,Avicennia
azima_tetracantha,Azima tetracantha,Azima Tetracantha
baikiaea,Baikiaea,Baikiaea
bakerella,Bakerella,Bakerella
bakerella_socratina_type,Bakerella/Socratina-type,Bakerella Socratina-Type
balanites,Balanites,Balanites
balanites_aegyptiaca_type,Balanites aegyptiaca-type,Balanites Aegyptiaca-Type
balanites_rotudinfolia_type,Balanites rotudinfolia-type,Balanites Rotudinfolia-Type
baphia_type,Baphia-type,Baphia Type
baphiopsis_parviflora,Baphiopsis parviflora,Baphiopsis Parviflora
baphiopsis_type_parviflora,Baphiopsis-type parviflora,Baphiopsis Type Parviflora
barbeya_oleoides,Barbeya oleoides,Barbeya Oleoides
barbeyaceae,Barbeyaceae,Barbeyaceae
barleria,Barleria,Barleria
barringtonia,Barringtonia,Barringtonia
bauhinia,Bauhinia,Bauhinia
berberis,Berberis,Berberis
berlinia,Berlinia,Berlinia
berlinia_type,Berlinia-type,Berlinia Type
bersama,Bersama,Bersama
bersama_abyssinica,Bersama abyssinica,Bersama Abyssinica
bersama_abyssinica_type,Bersama abyssinica-type,Bersama Abyssinica-Type
bertiera,Bertiera,Bertiera
bertiera_type,Bertiera-type,Bertiera Type
betula,Betula,Betula
bignoniaceae,Bignoniaceae,Bignoniaceae
bismarckia_nobilis,Bismarckia nobilis,Bismarckia Nobilis
blepharis,Blepharis,Blepharis
blepharis_type,Blepharis-type,Blepharis Type
blighia,Blighia,Blighia
blighia_type,Blighia-type,Blighia Type
blighia_type_b_unijugata,Blighia-type (B. unijugata),Blighia Type(b Unijugata)
blighia_type_unijugata,Blighia-type unijugata,Blighia Type Unijugata
blighia_unijugata_type,Blighia unijugata-type,Blighia Unijugata-Type
bombax,Bombax,Bombax
bombax_buonopozense_type,Bombax buonopozense-type,Bombax Buonopozense-Type
bombax_costatum_type,Bombax costatum-type,Bombax Costatum-Type
borassus,Borassus,Borassus
borassus_hyphaene,Borassus/Hyphaene,Borassus Hyphaene
borassus_type,Borassus-type,Borassus Type
borassus_type_aethiopum,Borassus-type aethiopum,Borassus Type Aethiopum
borassus_type_b_aethiopum,Borassus-type (B. aethiopum),Borassus Type(b Aethiopum)
boscia_cadaba,Boscia/Cadaba,Boscia Cadaba
boscia_type,Boscia-type,Boscia Type
boscia_type_angustifolia,Boscia-type angustifolia,Boscia Type Angustifolia
boscia_type_salicifolia,Boscia-type salicifolia,Boscia Type Salicifolia
bosqueia,Bosqueia,Bosqueia
bosqueia_phoberos,Bosqueia phoberos,Bosqueia Phoberos
boswellia,Boswellia,Boswellia
botryospermum,Botryospermum,Botryospermum
brachylaena,Brachylaena,Brachylaena
brachystegia,Brachystegia,Brachystegia
bridelia,Bridelia,Bridelia
bridelia_ferruginea_type,Bridelia ferruginea-type,Bridelia Ferruginea-Type
bridelia_micrantha,Bridelia micrantha,Bridelia Micrantha
bridelia_micrantha_type,Bridelia micrantha-type,Bridelia Micrantha-Type
bridelia_scleroneura_type,Bridelia scleroneura-type,Bridelia Scleroneura-Type
bridelia_type,Bridelia-type,Bridelia Type
bridelia_type_b_scleroneura,Bridelia-type (B. scleroneura),Bridelia Type(b Scleroneura)
bridelia_type_scleroneura,Bridelia-type scleroneura,Bridelia Type Scleroneura
brucea,Brucea,Brucea
brucea_antidysenterica,Brucea antidysenterica,Brucea Antidysenterica
bruguiera,Bruguiera,Bruguiera
bruniaceae,Bruniaceae,Bruniaceae
buddleja,Buddleja,Buddleja
burkea,Burkea,Burkea
burkea_africana,Burkea africana,Burkea Africana
burseraceae,Burseraceae,Burseraceae
butyrospermum,Butyrospermum,Butyrospermum
buxus,Buxus,Buxus
buxus_hildebrandtii_type,Buxus hildebrandtii-type,Buxus Hildebrandtii-Type
buxus_madagascarica,Buxus madagascarica,Buxus Madagascarica
buxus_madagascarica_type,Buxus madagascarica-type,Buxus Madagascarica-Type
cadaba,Cadaba,Cadaba
cadaba_type,Cadaba-type,Cadaba Type
caesalpinia_haematoxylum,Caesalpinia/Haematoxylum,Caesalpinia Haematoxylum
caesalpinia_type,Caesalpinia-type,Caesalpinia Type
caesalpinioideae,Caesalpinioideae,Caesalpinioideae
caesalpinioideae_undiff,Caesalpinioideae undiff.,Caesalpinioideae Undiff
calligonum,Calligonum,Calligonum
calligonum_polygonoides,Calligonum polygonoides,Calligonum Polygonoides
calluna,Calluna,Calluna
calpocalyx_type,Calpocalyx-type,Calpocalyx Type
calpocalyx_type_c_letestui,Calpocalyx-type (C. letestui),Calpocalyx Type(c Letestui)
calpocalyx_type_klainei,Calpocalyx-type klainei,Calpocalyx Type Klainei
calpocalyx_type_letestui,Calpocalyx-type letestui,Calpocalyx Type Letestui
calycobolus,Calycobolus,Calycobolus
camellia_sinensis_type,Camellia sinensis-type,Camellia Sinensis-Type
campylospermum,Campylospermum,Campylospermum
campylospermum_densiflorum,Campylospermum densiflorum,Campylospermum Densiflorum
canarium,Canarium,Canarium
canarium_type,Canarium-type,Canarium Type
canthium,Canthium,Canthium
canthium_gueinzii_type,Canthium gueinzii-type,Canthium Gueinzii-Type
canthium_schimperianum,Canthium schimperianum,Canthium Schimperianum
canthium_schimperianum_type,Canthium schimperianum-type,Canthium Schimperianum-Type
canthium_type,Canthium-type,Canthium Type
capparaceae,Capparaceae,Capparaceae
capparaceae_undiff,Capparaceae undiff.,Capparaceae Undiff
capparis,Capparis,Capparis
capparis_erythrocarpos,Capparis erythrocarpos,Capparis Erythrocarpos
capparis_fascicularis_type,Capparis fascicularis-type,Capparis Fascicularis-Type
capparis_tomentosa,Capparis tomentosa,Capparis Tomentosa
capparis_tomentosa_type,Capparis tomentosa-type,Capparis Tomentosa-Type
carapa,Carapa,Carapa
carapa_ekebergia,Carapa/Ekebergia,Carapa Ekebergia
carapa_type_c_grandiflora,Carapa-type (C. grandiflora),Carapa Type(c Grandiflora)
carapa_type_c_procera,Carapa-type (C. procera),Carapa Type(c Procera)
carissa,Carissa,Carissa
carissa_spinarum_type,Carissa spinarum-type,Carissa Spinarum-Type
casearia,Casearia,Casearia
cassia,Cassia,Cassia
cassia_mimosoides_type,Cassia mimosoides-type,Cassia Mimosoides-Type
cassia_type,Cassia-type,Cassia Type
cassia_type_c_italica,Cassia-type (C. italica),Cassia Type(c Italica)
cassia_type_c_mimosoides,Cassia-type (C. mimosoides),Cassia Type(c Mimosoides)
cassine,Cassine,Cassine
cassine_orientalis,Cassine orientalis,Cassine Orientalis
cassine_type,Cassine-type,Cassine Type
cassipourea,Cassipourea,Cassipourea
casuarina_type,Casuarina-type,Casuarina Type
catha_type,Catha-type,Catha Type
catha_type_c_edulis,Catha-type (C. edulis),Catha Type(c Edulis)
catunaregam_type,Catunaregam-type,Catunaregam Type
caucanthus_type,Caucanthus-type,Caucanthus Type
cayratia_type,Cayratia-type,Cayratia Type
cedrus,Cedrus,Cedrus
cedrus_atlantica,Cedrus atlantica,Cedrus Atlantica
cedrus_cf_c_atlantica,Cedrus cf. C. atlantica,Cedrus Cf c Atlantica
ceiba,Ceiba,Ceiba
ceiba_pentandra,Ceiba pentandra,Ceiba Pentandra
celastraceae,Celastraceae,Celastraceae
celastraceae_undiff,Celastraceae undiff.,Celastraceae Undiff
celtis,Celtis,Celtis
celtis_africana_type,Celtis africana-type,Celtis Africana-Type
celtis_holoptelea_tetraporate,Celtis/Holoptelea (tetraporate),Celtis Holoptelea(Tetraporate)
celtis_hymenocardia,Celtis/Hymenocardia,Celtis Hymenocardia
celtis_toka,Celtis toka,Celtis Toka
cf_adenocarpus,cf. Adenocarpus,Cf Adenocarpus
cf_aeonium,cf. Aeonium,Cf Aeonium
cf_albizia,cf. Albizia,Cf Albizia
cf_balanites,cf. Balanites,Cf Balanites
cf_boscia,cf. Boscia,Cf Boscia
cf_cadaba,cf. Cadaba,Cf Cadaba
cf_capparis,cf. Capparis,Cf Capparis
cf_casuarina_equisetifolia,cf. Casuarina equisetifolia,Cf Casuarina Equisetifolia
cf_dialium,cf. Dialium,Cf Dialium
cf_flacourtia,cf. Flacourtia,Cf Flacourtia
cf_leonardoxa,cf. Leonardoxa,Cf Leonardoxa
cf_rhizophora,cf. Rhizophora,Cf Rhizophora
cf_scolopia,cf. Scolopia,Cf Scolopia
cf_tabernaemontana,cf. Tabernaemontana,Cf Tabernaemontana
cf_zanthoxylum,cf. Zanthoxylum,Cf Zanthoxylum
chaetachme,Chaetachme,Chaetachme
chaetachme_aristata,Chaetachme aristata,Chaetachme Aristata
chrozophora_brocchiana_type,Chrozophora brocchiana-type,Chrozophora Brocchiana-Type
chrysobalanus_parinari,Chrysobalanus/Parinari,Chrysobalanus Parinari
chrysobalanus_type,Chrysobalanus-type,Chrysobalanus Type
chrysophyllum,Chrysophyllum,Chrysophyllum
chrysophyllum_bangweolense_type,Chrysophyllum bangweolense-type,Chrysophyllum Bangweolense-Type
cissampelos,Cissampelos,Cissampelos
cissampelos_cf_c_mucronata,Cissampelos cf. C. mucronata,Cissampelos Cf c Mucronata
cissampelos_mucronata_type,Cissampelos mucronata-type,Cissampelos Mucronata-Type
cissampelos_type,Cissampelos-type,Cissampelos Type
cissampelos_type_mucronata,Cissampelos-type mucronata,Cissampelos Type Mucronata
cissus,Cissus,Cissus
cissus_quadrangularis_type,Cissus quadrangularis-type,Cissus Quadrangularis-Type
cissus_type,Cissus-type,Cissus Type
cissus_type_quadrangularis,Cissus-type quadrangularis,Cissus Type Quadrangularis
cistus,Cistus,Cistus
clausena,Clausena,Clausena
clausena_anisata,Clausena anisata,Clausena Anisata
clausena_type_anisata,Clausena-type anisata,Clausena Type Anisata
cleistanthus,Cleistanthus,Cleistanthus
cleistanthus_type,Cleistanthus-type,Cleistanthus Type
cleistanthus_type_libericus,Cleistanthus-type libericus,Cleistanthus Type Libericus
cleistanthus_type_polystachyus,Cleistanthus-type polystachyus,Cleistanthus Type Polystachyus
clerodendrum,Clerodendrum,Clerodendrum
cliffortia,Cliffortia,Cliffortia
cliffortia_nitidula,Cliffortia nitidula,Cliffortia Nitidula
cliffortia_nitidula_type,Cliffortia nitidula-type,Cliffortia Nitidula-Type
clitandra,Clitandra,Clitandra
clusiaceae,Clusiaceae,Clusiaceae
clutia,Clutia,Clutia
clutia_abyssinica,Clutia abyssinica,Clutia Abyssinica
clutia_type,Clutia-type,Clutia Type
cnestis_type,Cnestis-type,Cnestis Type
cocculus_pendulus,Cocculus pendulus,Cocculus Pendulus
cocculus_pendulus_type,Cocculus pendulus-type,Cocculus Pendulus-Type
cochlospermum,Cochlospermum,Cochlospermum
coffea,Coffea,Coffea
coffea_type,Coffea-type,Coffea Type
cola,Cola,Cola
cola_cf_c_cordifolia,Cola cf. C. cordifolia,Cola Cf c Cordifolia
colophospermum_mopane,Colophospermum mopane,Colophospermum Mopane
combretaceae,Combretaceae,Combretaceae
combretaceae_melastomataceae,Combretaceae/Melastomataceae,Combretaceae Melastomataceae
combretaceae_melastomataceae_undiff,Combretaceae/Melastomataceae undiff.,Combretaceae Melastomataceae Undiff
combretaceae_type,Combretaceae-type,Combretaceae Type
combretaceae_undiff,Combretaceae undiff.,Combretaceae Undiff
combretum,Combretum,Combretum
combretum_aculeatum_type,Combretum aculeatum-type,Combretum Aculeatum-Type
combretum_molle_type,Combretum molle-type,Combretum Molle-Type
combretum_type,Combretum-type,Combretum Type
combretum_type_aculeatum,Combretum-type aculeatum,Combretum Type Aculeatum
combretum_type_c_molle,Combretum-type (C. molle),Combretum Type(c Molle)
combretum_type_molle,Combretum-type molle,Combretum Type Molle
commelina_type_benghalensis,Commelina-type benghalensis,Commelina Type Benghalensis
commiphora,Commiphora,Commiphora
commiphora_africana,Commiphora africana,Commiphora Africana
commiphora_africana_type,Commiphora africana-type,Commiphora Africana-Type
commiphora_edulis_subsp_boiviniana_type,Commiphora edulis subsp. boiviniana-type,Commiphora Edulis Subsp Boiviniana-Type
commiphora_edulis_type,Commiphora edulis-type,Commiphora Edulis-Type
commiphora_type,Commiphora-type,Commiphora Type
connaraceae,Connaraceae,Connaraceae
coptosperma_type_c_graveolens,Coptosperma-type (C. graveolens),Coptosperma Type(c Graveolens)
coptosperma_type_graveolens,Coptosperma-type graveolens,Coptosperma Type Graveolens
cordia,Cordia,Cordia
cordia_africana_type,Cordia africana-type,Cordia Africana-Type
cordia_hilsenbergia_type,Cordia/Hilsenbergia-type,Cordia Hilsenbergia-Type
cordia_platythyrsa_type,Cordia platythyrsa-type,Cordia Platythyrsa-Type
cordia_type,Cordia-type,Cordia Type
cornus_subg_afrocrania,Cornus subg. Afrocrania,Cornus Subg Afrocrania
cornus_volkensii,Cornus volkensii,Cornus Volkensii
corylus,Corylus,Corylus
corylus_avellana,Corylus avellana,Corylus Avellana
coula_edulis,Coula edulis,Coula Edulis
craterispermum,Craterispermum,Craterispermum
crateva_adansonii,Crateva adansonii,Crateva Adansonii
crateva_type_adansonii,Crateva-type adansonii,Crateva Type Adansonii
cressa,Cressa,Cressa
cressa_type,Cressa-type,Cressa Type
cressa_type_c_cretica,Cressa-type (C. cretica),Cressa Type(c Cretica)
crossopteryx_febrifuga,Crossopteryx febrifuga,Crossopteryx Febrifuga
crossopteryx_type,Crossopteryx-type,Crossopteryx Type
crossopteryx_type_febrifuga,Crossopteryx-type febrifuga,Crossopteryx Type Febrifuga
croton,Croton,Croton
croton_neoboutonia,Croton/Neoboutonia,Croton Neoboutonia
croton_type,Croton-type,Croton Type
crudia_type,Crudia-type,Crudia Type
crudia_type_c_zenkeri,Crudia-type (C. zenkeri),Crudia Type(c Zenkeri)
crudia_type_gabonensis,Crudia-type gabonensis,Crudia Type Gabonensis
cunoniaceae,Cunoniaceae,Cunoniaceae
cupressaceae,Cupressaceae,Cupressaceae
cupressus,Cupressus,Cupressus
cupressus_lusitanica,Cupressus lusitanica,Cupressus Lusitanica
cussonia,Cussonia,Cussonia
cussonia_schefflera,Cussonia/Schefflera,Cussonia Schefflera
cussonia_type,Cussonia-type,Cussonia Type
cylicodiscus,Cylicodiscus,Cylicodiscus
cynometra_type,Cynometra-type,Cynometra Type
cyphostemma_mappia,Cyphostemma mappia,Cyphostemma Mappia
cyphostemma_type,Cyphostemma-type,Cyphostemma Type
cyphostemma_type_c_cyphopetalum,Cyphostemma-type (C. cyphopetalum),Cyphostemma Type(c Cyphopetalum)
cytisus_type,Cytisus-type,Cytisus Type
dacryodes_type,Dacryodes-type,Dacryodes Type
dalechampia,Dalechampia,Dalechampia
daphne,Daphne,Daphne
daphne_gnidium,Daphne gnidium,Daphne Gnidium
detarium,Detarium,Detarium
dialium,Dialium,Dialium
dialium_guineense,Dialium guineense,Dialium Guineense
dichrostachys,Dichrostachys,Dichrostachys
dichrostachys_cinerea,Dichrostachys cinerea,Dichrostachys Cinerea
dichrostachys_cinerea_type,Dichrostachys cinerea-type,Dichrostachys Cinerea-Type
dictyosperma_type,Dictyosperma-type,Dictyosperma Type
didelotia_type,Didelotia-type,Didelotia Type
diospyros,Diospyros,Diospyros
diospyros_mauritius_type_326_de_boer,"Diospyros (Mauritius type 326, de Boer)","Diospyros Mauritius Type 326,De Boer)"
diospyros_mauritius_type_363_de_boer,"Diospyros (Mauritius type 363, de Boer)","Diospyros Mauritius Type 363,De Boer)"
diospyros_type,Diospyros-type,Diospyros Type
dipterocarpaceae,Dipterocarpaceae,Dipterocarpaceae
dipterocarpaceae_undiff,Dipterocarpaceae undiff.,Dipterocarpaceae Undiff
dipterygium,Dipterygium,Dipterygium
dissotis_type,Dissotis-type,Dissotis Type
distemonanthus_benthamianus,Distemonanthus benthamianus,Distemonanthus Benthamianus
dobera,Dobera,Dobera
dodonaea,Dodonaea,Dodonaea
dodonaea_mauritius_type_128_de_boer,"Dodonaea (Mauritius type 128, de Boer)","Dodonaea Mauritius Type 128,De Boer)"
dodonaea_mauritius_type_167_de_boer,"Dodonaea (Mauritius type 167, de Boer)","Dodonaea Mauritius Type 167,De Boer)"
dodonaea_viscosa,Dodonaea viscosa,Dodonaea Viscosa
dodonaea_viscosa_type,Dodonaea viscosa-type,Dodonaea Viscosa-Type
dodonaea_viscosa_var_angustifolia,Dodonaea viscosa var. angustifolia,Dodonaea Viscosa Var Angustifolia
dombeya,Dombeya,Dombeya
dombeya_cf_d_buetnerii,Dombeya cf. D. buetnerii,Dombeya Cf d Buetnerii
dombeya_elliptica_type,Dombeya elliptica-type,Dombeya Elliptica-Type
dombeya_type,Dombeya-type,Dombeya Type
dorstenia_kameruniana,Dorstenia kameruniana,Dorstenia Kameruniana
dovyalis,Dovyalis,Dovyalis
dracaena,Dracaena,Dracaena
dracaena_afromontana_type,Dracaena afromontana-type,Dracaena Afromontana-Type
dracaena_steudneri,Dracaena steudneri,Dracaena Steudneri
dracaena_steudneri_type,Dracaena steudneri-type,Dracaena Steudneri-Type
dracaena_type,Dracaena-type,Dracaena Type
drypetes,Drypetes,Drypetes
drypetes_type,Drypetes-type,Drypetes Type
drypetes_type_d_gossweileri,Drypetes-type (D. gossweileri),Drypetes Type(d Gossweileri)
dypsis,Dypsis,Dypsis
ebenaceae,Ebenaceae,Ebenaceae
ehretia_cymosa,Ehretia cymosa,Ehretia Cymosa
ekebergia,Ekebergia,Ekebergia
ekebergia_type,Ekebergia-type,Ekebergia Type
ekebergia_type_capensis,Ekebergia-type capensis,Ekebergia Type Capensis
ekebergia_type_e_capensis,Ekebergia-type (E. capensis),Ekebergia Type(e Capensis)
elaeis,Elaeis,Elaeis
elaeis_guineensis,Elaeis guineensis,Elaeis Guineensis
elaeocarpaceae,Elaeocarpaceae,Elaeocarpaceae
elaeocarpus,Elaeocarpus,Elaeocarpus
embelia,Embelia,Embelia
embelia_type,Embelia-type,Embelia Type
embelia_type_e_schimperi,Embelia-type (E. schimperi),Embelia Type(e Schimperi)
englerina,Englerina,Englerina
englerophytum,Englerophytum,Englerophytum
entada,Entada,Entada
entada_type,Entada-type,Entada Type
entandrophragma,Entandrophragma,Entandrophragma
entandrophragma_type,Entandrophragma-type,Entandrophragma Type
ephedra,Ephedra,Ephedra
ephedra_cf_e_distachya,Ephedra cf. E. distachya,Ephedra Cf e Distachya
ephedra_cf_e_fragilis,Ephedra cf. E. fragilis,Ephedra Cf e Fragilis
ephedra_distachya_type,Ephedra distachya-type,Ephedra Distachya-Type
ephedra_fragilis,Ephedra fragilis,Ephedra Fragilis
ephedra_fragilis_type,Ephedra fragilis-type,Ephedra Fragilis-Type
ephedra_undiff,Ephedra undiff.,Ephedra Undiff
ephippiandra,Ephippiandra,Ephippiandra
erica,Erica,Erica
erica_arborea,Erica arborea,Erica Arborea
erica_arbutus,Erica/Arbutus,Erica Arbutus
erica_type,Erica-type,Erica Type
erica_type_arborea,Erica-type arborea,Erica Type Arborea
erica_undiff,Erica undiff.,Erica Undiff
ericaceae,Ericaceae,Ericaceae
ericaceae_undiff,Ericaceae undiff.,Ericaceae Undiff
ericales,Ericales,Ericales
eriocoelum_macrocarpum_type,Eriocoelum macrocarpum-type,Eriocoelum Macrocarpum-Type
eriocoelum_type,Eriocoelum-type,Eriocoelum Type
erythrina,Erythrina,Erythrina
erythrococca,Erythrococca,Erythrococca
erythrococca_africana,Erythrococca africana,Erythrococca Africana
erythrococca_type,Erythrococca-type,Erythrococca Type
erythrococca_type_type_3,Erythrococca-type (type 3),Erythrococca Type(Type 3)
erythrococca_type_type_4,Erythrococca-type (type 4),Erythrococca Type(Type 4)
erythrophleum,Erythrophleum,Erythrophleum
erythroxylaceae,Erythroxylaceae,Erythroxylaceae
eucalyptus,Eucalyptus,Eucalyptus
eucalyptus_type,Eucalyptus-type,Eucalyptus Type
euclea,Euclea,Euclea
euclea_type,Euclea-type,Euclea Type
eugenia,Eugenia,Eugenia
eugenia_syzygium,Eugenia/Syzygium,Eugenia Syzygium
eugenia_type,Eugenia-type,Eugenia Type
euphorbia_type_abyssinica,Euphorbia-type abyssinica,Euphorbia Type Abyssinica
euphorbia_type_hirta,Euphorbia-type hirta,Euphorbia Type Hirta
euphorbia_type_umbellata,Euphorbia-type umbellata,Euphorbia Type Umbellata
excoecaria,Excoecaria,Excoecaria
fadogia_type,Fadogia-type,Fadogia Type
fagaropsis,Fagaropsis,Fagaropsis
fagaropsis_angolensis,Fagaropsis angolensis,Fagaropsis Angolensis
fagaropsis_type_f_angolensis,Fagaropsis-type (F. angolensis),Fagaropsis Type(f Angolensis)
fagonia,Fagonia,Fagonia
faidherbia_albida,Faidherbia albida,Faidherbia Albida
faurea,Faurea,Faurea
faurea_allophylus,Faurea/Allophylus,Faurea Allophylus
faurea_type,Faurea-type,Faurea Type
ficalhoa,Ficalhoa,Ficalhoa
ficalhoa_type_f_laurifolia,Ficalhoa-type (F. laurifolia),Ficalhoa Type(f Laurifolia)
ficus,Ficus,Ficus
ficus_type,Ficus-type,Ficus Type
flabellariopsis_type,Flabellariopsis-type,Flabellariopsis Type
flacourtia,Flacourtia,Flacourtia
fleroya_rubrostipulata_type,Fleroya rubrostipulata-type,Fleroya Rubrostipulata-Type
flueggea,Flueggea,Flueggea
flueggea_type,Flueggea-type,Flueggea Type
flueggea_type_virosa,Flueggea-type virosa,Flueggea Type Virosa
flueggea_virosa,Flueggea virosa,Flueggea Virosa
flueggea_virosa_type,Flueggea virosa-type,Flueggea Virosa-Type
foetidia_type,Foetidia-type,Foetidia Type
fraxinus,Fraxinus,Fraxinus
fraxinus_type,Fraxinus-type,Fraxinus Type
gaertnera,Gaertnera,Gaertnera
gaertnera_paniculata_type,Gaertnera paniculata-type,Gaertnera Paniculata-Type
gaertnera_type,Gaertnera-type,Gaertnera Type
gagnebina,Gagnebina,Gagnebina
galiniera,Galiniera,Galiniera
galiniera_coffeoides,Galiniera coffeoides,Galiniera Coffeoides
galiniera_saxifraga_type,Galiniera saxifraga-type,Galiniera Saxifraga-Type
galiniera_type,Galiniera-type,Galiniera Type
ganophyllum,Ganophyllum,Ganophyllum
ganophyllum_giganteum,Ganophyllum giganteum,Ganophyllum Giganteum
ganophyllum_type_g_giganteum,Ganophyllum-type (G. giganteum),Ganophyllum Type(g Giganteum)
garcinia,Garcinia,Garcinia
garcinia_livingstonei_type,Garcinia livingstonei-type,Garcinia Livingstonei-Type
garcinia_quadrifaria_type,Garcinia quadrifaria-type,Garcinia Quadrifaria-Type
garcinia_volkensii_type,Garcinia volkensii-type,Garcinia Volkensii-Type
gardenia,Gardenia,Gardenia
gardenia_imperialis,Gardenia imperialis,Gardenia Imperialis
gardenia_ternifolia_var_jovis_tonantis,Gardenia ternifolia var. jovis-tonantis,Gardenia Ternifolia Var Jovis-Tonantis
gardenia_type,Gardenia-type,Gardenia Type
gardenia_type_imperialis,Gardenia-type imperialis,Gardenia Type Imperialis
gardenia_undiff,Gardenia undiff.,Gardenia Undiff
gardenieae,Gardenieae,Gardenieae
gilbertiodendron_type_mayombense,Gilbertiodendron-type mayombense,Gilbertiodendron Type Mayombense
glenniea,Glenniea,Glenniea
gnidia,Gnidia,Gnidia
gnidia_type,Gnidia-type,Gnidia Type
gnidia_type_chrysantha,Gnidia-type chrysantha,Gnidia Type Chrysantha
gnidia_type_g_glauca,Gnidia-type (G. glauca),Gnidia Type(g Glauca)
grewia,Grewia,Grewia
grewia_type,Grewia-type,Grewia Type
grewia_type_tenax,Grewia-type tenax,Grewia Type Tenax
guibourtia_type_demeusei,Guibourtia-type demeusei,Guibourtia Type Demeusei
guiera_senegalensis,Guiera senegalensis,Guiera Senegalensis
gymnosporia,Gymnosporia,Gymnosporia
gymnosporia_senegalensis,Gymnosporia senegalensis,Gymnosporia Senegalensis
gymnosporia_type_senegalensis,Gymnosporia-type senegalensis,Gymnosporia Type Senegalensis
haematostaphis_type_h_barteri,Haematostaphis-type (H. barteri),Haematostaphis Type(h Barteri)
hagenia,Hagenia,Hagenia
hagenia_abyssinica,Hagenia abyssinica,Hagenia Abyssinica
harrisonia_type,Harrisonia-type,Harrisonia Type
harungana,Harungana,Harungana
harungana_madagascariensis,Harungana madagascariensis,Harungana Madagascariensis
harungana_madagascariensis_type,Harungana madagascariensis-type,Harungana Madagascariensis-Type
hedera,Hedera,Hedera
heteromorpha,Heteromorpha,Heteromorpha
heteromorpha_type,Heteromorpha-type,Heteromorpha Type
heteropterys,Heteropterys,Heteropterys
hevea_brasiliensis,Hevea brasiliensis,Hevea Brasiliensis
hibiscus,Hibiscus,Hibiscus
hibiscus_fragilis,Hibiscus fragilis,Hibiscus Fragilis
hibiscus_fragilis_type,Hibiscus fragilis-type,Hibiscus Fragilis-Type
hibiscus_type,Hibiscus-type,Hibiscus Type
hibiscus_type_micranthus,Hibiscus-type micranthus,Hibiscus Type Micranthus
hippocastanoideae,Hippocastanoideae,Hippocastanoideae
holoptelea,Holoptelea,Holoptelea
holoptelea_grandis,Holoptelea grandis,Holoptelea Grandis
homalium,Homalium,Homalium
hua_gabonii,Hua gabonii,Hua Gabonii
hugonia,Hugonia,Hugonia
hugonia_type_platysepala,Hugonia-type platysepala,Hugonia Type Platysepala
hymenocardia,Hymenocardia,Hymenocardia
hymenocardia_acida_type,Hymenocardia acida-type,Hymenocardia Acida-Type
hymenocardia_chaetachme,Hymenocardia/Chaetachme,Hymenocardia Chaetachme
hymenocardia_type_ulmoides,Hymenocardia-type ulmoides,Hymenocardia Type Ulmoides
hymenodictyon,Hymenodictyon,Hymenodictyon
hymenodictyon_floribundum_type,Hymenodictyon floribundum-type,Hymenodictyon Floribundum-Type
hymenodictyon_type,Hymenodictyon-type,Hymenodictyon Type
hymenodictyon_type_floribundum,Hymenodictyon-type floribundum,Hymenodictyon Type Floribundum
hymenodictyon_type_h_floribundum,Hymenodictyon-type (H. floribundum),Hymenodictyon Type(h Floribundum)
hymenostegia,Hymenostegia,Hymenostegia
hymenostegia_type_pellegrini,Hymenostegia-type pellegrini,Hymenostegia Type Pellegrini
hyophorbe_type,Hyophorbe-type,Hyophorbe Type
hyphaene,Hyphaene,Hyphaene
hyphaene_type,Hyphaene-type,Hyphaene Type
hyptis,Hyptis,Hyptis
hyptis_type,Hyptis-type,Hyptis Type
icacinaceae,Icacinaceae,Icacinaceae
ilex,Ilex,Ilex
ilex_aquifolium,Ilex aquifolium,Ilex Aquifolium
ilex_mitis,Ilex mitis,Ilex Mitis
indigofera,Indigofera,Indigofera
indigofera_schimperi_type,Indigofera schimperi-type,Indigofera Schimperi-Type
indigofera_type,Indigofera-type,Indigofera Type
indigofera_type_schimperi,Indigofera-type schimperi,Indigofera Type Schimperi
iodes,Iodes,Iodes
irvingia,Irvingia,Irvingia
irvingia_type,Irvingia-type,Irvingia Type
irvingia_type_gabonensis,Irvingia-type gabonensis,Irvingia Type Gabonensis
irvingia_type_i_wombolu,Irvingia-type (I. wombolu),Irvingia Type(i Wombolu)
irvingiaceae,Irvingiaceae,Irvingiaceae
irvingiaceae_undiff,Irvingiaceae undiff.,Irvingiaceae Undiff
isoberlinia,Isoberlinia,Isoberlinia
isoberlinia_type,Isoberlinia-type,Isoberlinia Type
ixora,Ixora,Ixora
ixora_type,Ixora-type,Ixora Type
ixora_type_brachypoda,Ixora-type brachypoda,Ixora Type Brachypoda
ixora_type_i_brachypoda,Ixora-type (I. brachypoda),Ixora Type(i Brachypoda)
jasminum_abyssinicum,Jasminum abyssinicum,Jasminum Abyssinicum
jasminum_abyssinicum_type,Jasminum abyssinicum-type,Jasminum Abyssinicum-Type
jatropha_croton,Jatropha/Croton,Jatropha Croton
jatropha_type,Jatropha-type,Jatropha Type
juglans,Juglans,Juglans
julbernardia,Julbernardia,Julbernardia
julbernardia_paniculata_type,Julbernardia paniculata-type,Julbernardia Paniculata-Type
julbernardia_seretii_type,Julbernardia seretii-type,Julbernardia Seretii-Type
julbernardia_type_1,Julbernardia type 1,Julbernardia Type 1
julbernardia_type_2,Julbernardia type 2,Julbernardia Type 2
juniperus,Juniperus,Juniperus
juniperus_cf_j_procera,Juniperus cf. J. procera,Juniperus Cf j Procera
juniperus_procera,Juniperus procera,Juniperus Procera
juniperus_type,Juniperus-type,Juniperus Type
juniperus_type_procera,Juniperus-type procera,Juniperus Type Procera
justicia_type_odora,Justicia-type odora,Justicia Type Odora
kalanchoe,Kalanchoe,Kalanchoe
keetia,Keetia,Keetia
keetia_gueinzii_type,Keetia gueinzii-type,Keetia Gueinzii-Type
keetia_type_gueinzii,Keetia-type gueinzii,Keetia Type Gueinzii
keetia_type_k_cornelia,Keetia-type (K. cornelia),Keetia Type(k Cornelia)
keetia_type_k_venosa,Keetia-type (K. venosa),Keetia Type(k Venosa)
khaya,Khaya,Khaya
khaya_type,Khaya-type,Khaya Type
kiggelaria,Kiggelaria,Kiggelaria
kiggelaria_africana,Kiggelaria africana,Kiggelaria Africana
kirkia,Kirkia,Kirkia
klaineanthus_gaboniae,Klaineanthus gaboniae,Klaineanthus Gaboniae
kohautia,Kohautia,Kohautia
labourdonnaisia_type,Labourdonnaisia-type,Labourdonnaisia Type
landolphia,Landolphia,Landolphia
landolphia_type,Landolphia-type,Landolphia Type
landolphia_type_type_3,Landolphia-type (type 3),Landolphia Type(Type 3)
lannea,Lannea,Lannea
lannea_sclerocarya,Lannea/Sclerocarya,Lannea Sclerocarya
lannea_type,Lannea-type,Lannea Type
lantana_type_viburnoides,Lantana-type viburnoides,Lantana Type Viburnoides
lasianthus,Lasianthus,Lasianthus
latania_dracaena_type,Latania/Dracaena-type,Latania Dracaena-Type
latania_type,Latania-type,Latania Type
lauraceae,Lauraceae,Lauraceae
laurus,Laurus,Laurus
laurus_nobilis,Laurus nobilis,Laurus Nobilis
lawsonia,Lawsonia,Lawsonia
lawsonia_type_inermis,Lawsonia-type inermis,Lawsonia Type Inermis
lecaniodiscus_lepisanthes_senegalensis,Lecaniodiscus/Lepisanthes senegalensis,Lecaniodiscus Lepisanthes Senegalensis
lecaniodiscus_type_cupanioides,Lecaniodiscus-type cupanioides,Lecaniodiscus Type Cupanioides
lecaniodiscus_type_l_cupanioides,Lecaniodiscus-type (L. cupanioides),Lecaniodiscus Type(l Cupanioides)
leonardoxa_type,Leonardoxa-type,Leonardoxa Type
lepisanthes,Lepisanthes,Lepisanthes
lepisanthes_type_l_senegalensis,Lepisanthes-type (L. senegalensis),Lepisanthes Type(l Senegalensis)
lepisanthes_type_senegalensis,Lepisanthes-type senegalensis,Lepisanthes Type Senegalensis
leptactina,Leptactina,Leptactina
leptaulus,Leptaulus,Leptaulus
lindackeria,Lindackeria,Lindackeria
lindackeria_type,Lindackeria-type,Lindackeria Type
linociera,Linociera,Linociera
lippia_type,Lippia-type,Lippia Type
loesenera_type,Loesenera-type,Loesenera Type
lonchocarpus,Lonchocarpus,Lonchocarpus
lonicera_type,Lonicera-type,Lonicera Type
lophira,Lophira,Lophira
lophira_alata,Lophira alata,Lophira Alata
lophira_lanceolata_type,Lophira lanceolata-type,Lophira Lanceolata-Type
loranthaceae,Loranthaceae,Loranthaceae
loranthaceae_undiff,Loranthaceae undiff.,Loranthaceae Undiff
lycium,Lycium,Lycium
macaranga,Macaranga,Macaranga
macaranga_capensis,Macaranga capensis,Macaranga Capensis
macaranga_kilimandscharica,Macaranga kilimandscharica,Macaranga Kilimandscharica
macaranga_type,Macaranga-type,Macaranga Type
maclura,Maclura,Maclura
maerua,Maerua,Maerua
maerua_ritchiea,Maerua/Ritchiea,Maerua Ritchiea
maerua_type,Maerua-type,Maerua Type
maesa,Maesa,Maesa
maesa_lanceolata,Maesa lanceolata,Maesa Lanceolata
maesa_lanceolata_type,Maesa lanceolata-type,Maesa Lanceolata-Type
maesa_type_m_lanceolata,Maesa-type (M. lanceolata),Maesa Type(m Lanceolata)
maesobotrya_barteri_type,Maesobotrya barteri-type,Maesobotrya Barteri-Type
maesopsis_eminii,Maesopsis eminii,Maesopsis Eminii
maesopsis_type,Maesopsis-type,Maesopsis Type
majidea,Majidea,Majidea
mallotus,Mallotus,Mallotus
mallotus_oppositifolius,Mallotus oppositifolius,Mallotus Oppositifolius
mallotus_type,Mallotus-type,Mallotus Type
mallotus_type_m_oppositifolius,Mallotus-type (M. oppositifolius),Mallotus Type(m Oppositifolius)
malpighiaceae,Malpighiaceae,Malpighiaceae
mangifera_indica,Mangifera indica,Mangifera Indica
manilkara,Manilkara,Manilkara
manilkara_type,Manilkara-type,Manilkara Type
mansonia_altissima_type,Mansonia altissima-type,Mansonia Altissima-Type
maprounea,Maprounea,Maprounea
maranthes_type,Maranthes-type,Maranthes Type
mareya_type,Mareya-type,Mareya Type
margaritaria,Margaritaria,Margaritaria
margaritaria_discoidea,Margaritaria discoidea,Margaritaria Discoidea
margaritaria_type_discoidea,Margaritaria-type discoidea,Margaritaria Type Discoidea
markhamia,Markhamia,Markhamia
markhamia_zanzibarica_type,Markhamia zanzibarica-type,Markhamia Zanzibarica-Type
martretia,Martretia,Martretia
martretia_quadricornis,Martretia quadricornis,Martretia Quadricornis
maytenus,Maytenus,Maytenus
melastomataceae,Melastomataceae,Melastomataceae
melastomataceae_undiff,Melastomataceae undiff.,Melastomataceae Undiff
meliaceae,Meliaceae,Meliaceae
meliaceae_sapotaceae,Meliaceae/Sapotaceae,Meliaceae Sapotaceae
meliaceae_undiff,Meliaceae undiff.,Meliaceae Undiff
melochia,Melochia,Melochia
microdesmis,Microdesmis,Microdesmis
milicia_type_excelsa,Milicia-type excelsa,Milicia Type Excelsa
mimosa,Mimosa,Mimosa
mimosa_pigra,Mimosa pigra,Mimosa Pigra
mimosa_pigra_type,Mimosa pigra-type,Mimosa Pigra-Type
mimosa_type_pigra,Mimosa-type pigra,Mimosa Type Pigra
mimosoid_clade,mimosoid clade,Mimosoid Clade
mimosoid_clade_undiff,mimosoid clade undiff.,Mimosoid Clade Undiff
mimusops,Mimusops,Mimusops
mimusops_kummel,Mimusops kummel,Mimusops Kummel
mimusops_type,Mimusops-type,Mimusops Type
mitragyna,Mitragyna,Mitragyna
mitragyna_inermis,Mitragyna inermis,Mitragyna Inermis
mitragyna_inermis_type,Mitragyna inermis-type,Mitragyna Inermis-Type
mitragyna_type,Mitragyna-type,Mitragyna Type
mitragyna_type_m_inermis,Mitragyna-type (M. inermis),Mitragyna Type(m Inermis)
mitragyna_type_m_rubrostipulata,Mitragyna-type (M. rubrostipulata),Mitragyna Type(m Rubrostipulata)
mitragyna_type_rubrostipulata,Mitragyna-type rubrostipulata,Mitragyna Type Rubrostipulata
mitragyna_type_stipulosa,Mitragyna-type stipulosa,Mitragyna Type Stipulosa
molinaea,Molinaea,Molinaea
monimia_type,Monimia-type,Monimia Type
monimiaceae,Monimiaceae,Monimiaceae
monotes_lutambensis,Monotes lutambensis,Monotes Lutambensis
moraceae,Moraceae,Moraceae
moraceae_diporate,Moraceae (diporate),Moraceae Diporate)
moraceae_triporate,Moraceae (triporate),Moraceae Triporate)
moraceae_type,Moraceae-type,Moraceae Type
moraceae_undiff,Moraceae undiff.,Moraceae Undiff
morelia_senegalensis,Morelia senegalensis,Morelia Senegalensis
morella,Morella,Morella
morella_faya,Morella faya,Morella Faya
morella_salicifolia,Morella salicifolia,Morella Salicifolia
morinda,Morinda,Morinda
morus,Morus,Morus
morus_type,Morus-type,Morus Type
musanga,Musanga,Musanga
musanga_myrianthus,Musanga/Myrianthus,Musanga Myrianthus
musanga_type,Musanga-type,Musanga Type
mussaenda,Mussaenda,Mussaenda
myrianthus,Myrianthus,Myrianthus
myrianthus_holstii_type,Myrianthus holstii-type,Myrianthus Holstii-Type
myrianthus_serratus,Myrianthus serratus,Myrianthus Serratus
myrianthus_type,Myrianthus-type,Myrianthus Type
myrianthus_type_arboreus,Myrianthus-type arboreus,Myrianthus Type Arboreus
myrianthus_type_holstii,Myrianthus-type holstii,Myrianthus Type Holstii
myrianthus_type_m_arboreus,Myrianthus-type (M. arboreus),Myrianthus Type(m Arboreus)
myrianthus_type_m_holstii,Myrianthus-type (M. holstii),Myrianthus Type(m Holstii)
myrica,Myrica,Myrica
myrica_type,Myrica-type,Myrica Type
myricaceae,Myricaceae,Myricaceae
myrothamnus,Myrothamnus,Myrothamnus
myrsine,Myrsine,Myrsine
myrsine_africana,Myrsine africana,Myrsine Africana
myrtaceae,Myrtaceae,Myrtaceae
myrtaceae_undiff,Myrtaceae undiff.,Myrtaceae Undiff
myrtus,Myrtus,Myrtus
myrtus_communis,Myrtus communis,Myrtus Communis
nauclea,Nauclea,Nauclea
nauclea_type,Nauclea-type,Nauclea Type
neoboutonia,Neoboutonia,Neoboutonia
neoboutonia_macrocalyx,Neoboutonia macrocalyx,Neoboutonia Macrocalyx
neoboutonia_type,Neoboutonia-type,Neoboutonia Type
neoboutonia_type_macrocalyx,Neoboutonia-type macrocalyx,Neoboutonia Type Macrocalyx
nerium,Nerium,Nerium
nesogordonia,Nesogordonia,Nesogordonia
newtonia_type,Newtonia-type,Newtonia Type
noronhia,Noronhia,Noronhia
nuxia,Nuxia,Nuxia
nuxia_congesta,Nuxia congesta,Nuxia Congesta
nuxia_dobera,Nuxia/Dobera,Nuxia Dobera
nuxia_ficalhoa,Nuxia/Ficalhoa,Nuxia Ficalhoa
nuxia_floribunda,Nuxia floribunda,Nuxia Floribunda
nuxia_type,Nuxia-type,Nuxia Type
nuxia_type_n_congesta,Nuxia-type (N. congesta),Nuxia Type(n Congesta)
nuxia_verticillata,Nuxia verticillata,Nuxia Verticillata
ochnaceae_undiff,Ochnaceae undiff.,Ochnaceae Undiff
ochthocosmus,Ochthocosmus,Ochthocosmus
ocotea,Ocotea,Ocotea
olacaceae,Olacaceae,Olacaceae
olax,Olax,Olax
oldfieldia_type,Oldfieldia-type,Oldfieldia Type
olea,Olea,Olea
olea_capensis,Olea capensis,Olea Capensis
olea_capensis_subsp_hochstetteri,Olea capensis subsp. hochstetteri,Olea Capensis Subsp Hochstetteri
olea_capensis_type,Olea capensis-type,Olea Capensis-Type
olea_europaea,Olea europaea,Olea Europaea
olea_europaea_subsp_cuspidata,Olea europaea subsp. cuspidata,Olea Europaea Subsp Cuspidata
olea_europaea_type,Olea europaea-type,Olea Europaea-Type
olea_hochstetteri_type,Olea hochstetteri-type,Olea Hochstetteri-Type
olea_type,Olea-type,Olea Type
olea_welwitschii,Olea welwitschii,Olea Welwitschii
oleaceae,Oleaceae,Oleaceae
oleaceae_undiff,Oleaceae undiff.,Oleaceae Undiff
oligocodon_type_cunliffeae,Oligocodon-type cunliffeae,Oligocodon Type Cunliffeae
olinia,Olinia,Olinia
oncoba_type,Oncoba-type,Oncoba Type
operculicarya,Operculicarya,Operculicarya
ormocarpum,Ormocarpum,Ormocarpum
ormocarpum_type,Ormocarpum-type,Ormocarpum Type
ormocarpum_type_o_trichocarpum,Ormocarpum-type (O. trichocarpum),Ormocarpum Type(o Trichocarpum)
ostrya,Ostrya,Ostrya
ostrya_type,Ostrya-type,Ostrya Type
osyris,Osyris,Osyris
ouratea,Ouratea,Ouratea
ouratea_type,Ouratea-type,Ouratea Type
ozoroa_type,Ozoroa-type,Ozoroa Type
pachypodium,Pachypodium,Pachypodium
pachypodium_type,Pachypodium-type,Pachypodium Type
pancovia,Pancovia,Pancovia
pancovia_type_bijuga,Pancovia-type bijuga,Pancovia Type Bijuga
pancovia_type_p_bijuga,Pancovia-type (P. bijuga),Pancovia Type(p Bijuga)
pandanus,Pandanus,Pandanus
pandanus_mauritius_type_131_de_boer,"Pandanus (Mauritius type 131, de Boer)","Pandanus Mauritius Type 131,De Boer)"
pandanus_type,Pandanus-type,Pandanus Type
pappea_capensis,Pappea capensis,Pappea Capensis
pappea_type_capensis,Pappea-type capensis,Pappea Type Capensis
parinari,Parinari,Parinari
parinari_type,Parinari-type,Parinari Type
parkia,Parkia,Parkia
parkia_type,Parkia-type,Parkia Type
parkinsonia,Parkinsonia,Parkinsonia
passerina,Passerina,Passerina
passifloraceae,Passifloraceae,Passifloraceae
paullinia,Paullinia,Paullinia
paullinia_pinnata,Paullinia pinnata,Paullinia Pinnata
pausinystalia,Pausinystalia,Pausinystalia
pausinystalia_type,Pausinystalia-type,Pausinystalia Type
pausinystalia_type_macroceras,Pausinystalia-type macroceras,Pausinystalia Type Macroceras
pausinystalia_type_p_macroceras,Pausinystalia-type (P. macroceras),Pausinystalia Type(p Macroceras)
pavetta,Pavetta,Pavetta
pavetta_elliotti_type,Pavetta elliotti-type,Pavetta Elliotti-Type
pavetta_gardeniifolia_type,Pavetta gardeniifolia-type,Pavetta Gardeniifolia-Type
pavetta_type_elliottii,Pavetta-type elliottii,Pavetta Type Elliottii
peltophorum,Peltophorum,Peltophorum
penaeaceae,Penaeaceae,Penaeaceae
pentaclethra,Pentaclethra,Pentaclethra
pentaclethra_eetveldeana,Pentaclethra eetveldeana,Pentaclethra Eetveldeana
pentaclethra_macrophylla,Pentaclethra macrophylla,Pentaclethra Macrophylla
pentadesma,Pentadesma,Pentadesma
pentas,Pentas,Pentas
pentas_type,Pentas-type,Pentas Type
pentzia_type,Pentzia-type,Pentzia Type
periploca,Periploca,Periploca
periplocoideae,Periplocoideae,Periplocoideae
phaulopsis,Phaulopsis,Phaulopsis
phaulopsis_type,Phaulopsis-type,Phaulopsis Type
phillyrea,Phillyrea,Phillyrea
phillyrea_angustifolia,Phillyrea angustifolia,Phillyrea Angustifolia
phoenix,Phoenix,Phoenix
phoenix_cf_p_reclinata,Phoenix cf. P. reclinata,Phoenix Cf p Reclinata
phoenix_reclinata,Phoenix reclinata,Phoenix Reclinata
phoenix_reclinata_type,Phoenix reclinata-type,Phoenix Reclinata-Type
phylica,Phylica,Phylica
phyllanthus_muellerianus_type,Phyllanthus muellerianus-type,Phyllanthus Muellerianus-Type
phyllanthus_reticulatus,Phyllanthus reticulatus,Phyllanthus Reticulatus
phyllanthus_reticulatus_type,Phyllanthus reticulatus-type,Phyllanthus Reticulatus-Type
phyllanthus_type_maderaspatensis,Phyllanthus-type maderaspatensis,Phyllanthus Type Maderaspatensis
phyllanthus_type_muellerianus,Phyllanthus-type muellerianus,Phyllanthus Type Muellerianus
phyllanthus_type_p_muellerianus,Phyllanthus-type (P. muellerianus),Phyllanthus Type(p Muellerianus)
phyllanthus_type_p_nummulariifolius,Phyllanthus-type (P. nummulariifolius),Phyllanthus Type(p Nummulariifolius)
phyllanthus_type_p_reticularus,Phyllanthus-type (P. reticularus),Phyllanthus Type(p Reticularus)
phyllanthus_type_reticulatus,Phyllanthus-type reticulatus,Phyllanthus Type Reticulatus
picea,Picea,Picea
piliostigma,Piliostigma,Piliostigma
piliostigma_thonningii,Piliostigma thonningii,Piliostigma Thonningii
piliostigma_thonningii_type,Piliostigma thonningii-type,Piliostigma Thonningii-Type
pinaceae,Pinaceae,Pinaceae
pinus,Pinus,Pinus
pinus_canariensis,Pinus canariensis,Pinus Canariensis
pinus_halepensis,Pinus halepensis,Pinus Halepensis
pinus_halepensis_type,Pinus halepensis-type,Pinus Halepensis-Type
piptadenia_type,Piptadenia-type,Piptadenia Type
piptadeniastrum_africanum,Piptadeniastrum africanum,Piptadeniastrum Africanum
piptadeniastrum_type_p_africanum,Piptadeniastrum-type (P. africanum),Piptadeniastrum Type(p Africanum)
pistacia,Pistacia,Pistacia
pistacia_lentiscus,Pistacia lentiscus,Pistacia Lentiscus
plagiostyles_africana,Plagiostyles africana,Plagiostyles Africana
plicosephalus_type,Plicosephalus-type,Plicosephalus Type
podocarpaceae,Podocarpaceae,Podocarpaceae
podocarpus,Podocarpus,Podocarpus
podocarpus_latifolius,Podocarpus latifolius,Podocarpus Latifolius
podocarpus_type,Podocarpus-type,Podocarpus Type
polyscias,Polyscias,Polyscias
polyscias_fulva,Polyscias fulva,Polyscias Fulva
polyscias_fulva_type,Polyscias fulva-type,Polyscias Fulva-Type
polyscias_type,Polyscias-type,Polyscias Type
pouteria,Pouteria,Pouteria
pouteria_type,Pouteria-type,Pouteria Type
prosopis,Prosopis,Prosopis
prosopis_entada,Prosopis/Entada,Prosopis Entada
prosopis_type_africana,Prosopis-type africana,Prosopis Type Africana
protea,Protea,Protea
protea_type,Protea-type,Protea Type
proteaceae,Proteaceae,Proteaceae
proteaceae_type_ii,Proteaceae (type II),Proteaceae Type Ii)
proteaceae_type_iv,Proteaceae (type IV),Proteaceae Type Iv)
protium_obtusifolium,Protium obtusifolium,Protium Obtusifolium
prunus,Prunus,Prunus
prunus_africana,Prunus africana,Prunus Africana
prunus_africana_type,Prunus africana-type,Prunus Africana-Type
prunus_type,Prunus-type,Prunus Type
pseudocedrela_kotschyi,Pseudocedrela kotschyi,Pseudocedrela Kotschyi
pseudospondias,Pseudospondias,Pseudospondias
pseudospondias_type,Pseudospondias-type,Pseudospondias Type
psidium_cattleianum,Psidium cattleianum,Psidium Cattleianum
psiloxylon_mauritianum,Psiloxylon mauritianum,Psiloxylon Mauritianum
psorospermum,Psorospermum,Psorospermum
psorospermum_febrifugum_type,Psorospermum febrifugum-type,Psorospermum Febrifugum-Type
psychotria,Psychotria,Psychotria
psychotria_amboniana_type,Psychotria amboniana-type,Psychotria Amboniana-Type
psychotria_type,Psychotria-type,Psychotria Type
psychotria_type_amboniana,Psychotria-type amboniana,Psychotria Type Amboniana
psydrax_schimperiana_type,Psydrax schimperiana-type,Psydrax Schimperiana-Type
psydrax_subcordata,Psydrax subcordata,Psydrax Subcordata
psydrax_type_p_schimperiana,Psydrax-type (P. schimperiana),Psydrax Type(p Schimperiana)
psydrax_type_p_subcordata,Psydrax-type (P. subcordata),Psydrax Type(p Subcordata)
psydrax_type_schimperiana,Psydrax-type schimperiana,Psydrax Type Schimperiana
psydrax_type_subcordata,Psydrax-type subcordata ,Psydrax Type Subcordata
pterocarpus,Pterocarpus,Pterocarpus
pterocarpus_type,Pterocarpus-type,Pterocarpus Type
pterocarpus_type_angolensis,Pterocarpus-type angolensis,Pterocarpus Type Angolensis
pterocarpus_type_lucens,Pterocarpus-type lucens,Pterocarpus Type Lucens
pterolobium_stellatum,Pterolobium stellatum,Pterolobium Stellatum
pterygota,Pterygota,Pterygota
pycnanthus,Pycnanthus,Pycnanthus
pycnanthus_angolensis_type,Pycnanthus angolensis-type,Pycnanthus Angolensis-Type
quercus,Quercus,Quercus
quercus_canariensis,Quercus canariensis,Quercus Canariensis
quercus_canariensis_q_pyrenaica,Quercus canariensis/Q. pyrenaica,Quercus Canariensis/q Pyrenaica
quercus_cf_q_canariensis,Quercus cf. Q. canariensis,Quercus Cf q Canariensis
quercus_cf_q_rotundifolia,Quercus cf. Q. rotundifolia,Quercus Cf q Rotundifolia
quercus_coccifera,Quercus coccifera,Quercus Coccifera
quercus_deciduous_type,Quercus (deciduous-type),Quercus Deciduous-Type)
quercus_evergreen_type,Quercus (evergreen-type),Quercus Evergreen-Type)
quercus_faginea,Quercus faginea,Quercus Faginea
quercus_ilex,Quercus ilex,Quercus Ilex
quercus_ilex_q_coccifera,Quercus ilex/Q. coccifera,Quercus Ilex/q Coccifera
quercus_ilex_type,Quercus ilex-type,Quercus Ilex-Type
quercus_robur_type,Quercus robur-type,Quercus Robur-Type
quercus_suber,Quercus suber,Quercus Suber
quercus_suber_type,Quercus suber-type,Quercus Suber-Type
randia,Randia,Randia
rapanea,Rapanea,Rapanea
rapanea_melanophloeos,Rapanea melanophloeos,Rapanea Melanophloeos
rapanea_melanophloeos_type,Rapanea melanophloeos-type,Rapanea Melanophloeos-Type
raphia,Raphia,Raphia
raphia_type,Raphia-type,Raphia Type
raphiostylis,Raphiostylis,Raphiostylis
rauvolfia,Rauvolfia,Rauvolfia
ravenea_type,Ravenea-type,Ravenea Type
rhamnaceae,Rhamnaceae,Rhamnaceae
rhamnaceae_undiff,Rhamnaceae undiff.,Rhamnaceae Undiff
rhamnus,Rhamnus,Rhamnus
rhamnus_type,Rhamnus-type,Rhamnus Type
rhanterium_type,Rhanterium-type,Rhanterium Type
rhaphiostylis,Rhaphiostylis,Rhaphiostylis
rhizophora,Rhizophora,Rhizophora
rhus,Rhus,Rhus
rhus_coriaria_type,Rhus coriaria-type,Rhus Coriaria-Type
rhus_longipes,Rhus longipes,Rhus Longipes
rhus_rehmanniana_var_rehmanniana,Rhus rehmanniana var. rehmanniana,Rhus Rehmanniana Var Rehmanniana
rhus_type,Rhus-type,Rhus Type
rhus_type_vulgaris,Rhus-type vulgaris,Rhus Type Vulgaris
rhus_undiff,Rhus undiff.,Rhus Undiff
rinorea,Rinorea,Rinorea
rinorea_type,Rinorea-type,Rinorea Type
ritchiea,Ritchiea,Ritchiea
rosa,Rosa,Rosa
rubiaceae,Rubiaceae,Rubiaceae
rubiaceae_type,Rubiaceae-type,Rubiaceae Type
rubiaceae_type_mauritius_type_121_de_boer,"Rubiaceae-type (Mauritius type 121, de Boer)","Rubiaceae Type(Mauritius Type 121,De Boer)"
rubiaceae_type_mauritius_type_164_de_boer,"Rubiaceae-type (Mauritius type 164, de Boer)","Rubiaceae Type(Mauritius Type 164,De Boer)"
rubiaceae_type_mauritius_type_67_de_boer,"Rubiaceae-type (Mauritius type 67, de Boer)","Rubiaceae Type(Mauritius Type 67,De Boer)"
rubiaceae_type_mauritius_type_70_de_boer,"Rubiaceae-type (Mauritius type 70, de Boer)","Rubiaceae Type(Mauritius Type 70,De Boer)"
rubiaceae_undiff,Rubiaceae undiff.,Rubiaceae Undiff
rubus,Rubus,Rubus
rubus_pinnatus_type,Rubus pinnatus-type,Rubus Pinnatus-Type
rubus_type,Rubus-type,Rubus Type
ruschia,Ruschia,Ruschia
ruschia_type,Ruschia-type,Ruschia Type
rutaceae,Rutaceae,Rutaceae
rutaceae_undiff,Rutaceae undiff.,Rutaceae Undiff
rytigynia,Rytigynia,Rytigynia
sabicea,Sabicea,Sabicea
sabicea_africana,Sabicea africana,Sabicea Africana
sacoglottis_gabonensis,Sacoglottis gabonensis,Sacoglottis Gabonensis
salacia,Salacia,Salacia
salacia_senegalensis,Salacia senegalensis,Salacia Senegalensis
salacia_type,Salacia-type,Salacia Type
salicaceae,Salicaceae,Salicaceae
salicaceae_undiff,Salicaceae undiff.,Salicaceae Undiff
salix,Salix,Salix
salix_cf_s_ledermanii,Salix cf. S. ledermanii,Salix Cf s Ledermanii
salix_subserrata,Salix subserrata,Salix Subserrata
salix_subserrata_type,Salix subserrata-type,Salix Subserrata-Type
salvadora,Salvadora,Salvadora
salvadora_persica,Salvadora persica,Salvadora Persica
salvadora_persica_type,Salvadora persica-type,Salvadora Persica-Type
salvadora_type_persica,Salvadora-type persica,Salvadora Type Persica
salvadoraceae,Salvadoraceae,Salvadoraceae
sambucus,Sambucus,Sambucus
santalaceae,Santalaceae,Santalaceae
santiria_trimera,Santiria trimera,Santiria Trimera
santiria_type,Santiria-type,Santiria Type
sapindaceae,Sapindaceae,Sapindaceae
sapindaceae_undiff,Sapindaceae undiff.,Sapindaceae Undiff
sapium,Sapium,Sapium
sapium_type,Sapium-type,Sapium Type
sapotaceae,Sapotaceae,Sapotaceae
sapotaceae_reticulated,Sapotaceae (reticulated),Sapotaceae Reticulated)
sapotaceae_type,Sapotaceae-type,Sapotaceae Type
sapotaceae_undiff,Sapotaceae undiff.,Sapotaceae Undiff
schefflera,Schefflera,Schefflera
schefflera_abyssinica_type,Schefflera abyssinica-type,Schefflera Abyssinica-Type
schefflera_myriantha_type,Schefflera myriantha-type,Schefflera Myriantha-Type
schefflera_type,Schefflera-type,Schefflera Type
schefflera_volkensii,Schefflera volkensii,Schefflera Volkensii
schrebera,Schrebera,Schrebera
sclerocarya,Sclerocarya,Sclerocarya
sclerocarya_birrea_type,Sclerocarya birrea-type,Sclerocarya Birrea-Type
sclerochiton,Sclerochiton,Sclerochiton
sclerosperma,Sclerosperma,Sclerosperma
scorodophloeus_zenkeri_type,Scorodophloeus zenkeri-type,Scorodophloeus Zenkeri-Type
scottellia_klaineana_type,Scottellia klaineana-type,Scottellia Klaineana-Type
searsia,Searsia,Searsia
searsia_natalensis,Searsia natalensis,Searsia Natalensis
searsia_type_s_natalensis,Searsia-type (S. natalensis),Searsia Type(s Natalensis)
searsia_type_s_tripartita,Searsia-type (S. tripartita),Searsia Type(s Tripartita)
securinega,Securinega,Securinega
securinega_type,Securinega-type,Securinega Type
securinega_virosa,Securinega virosa,Securinega Virosa
senna,Senna,Senna
senna_type_didymobotrya,Senna-type didymobotrya,Senna Type Didymobotrya
senna_type_italica,Senna-type italica,Senna Type Italica
sericocomopsis_type,Sericocomopsis-type,Sericocomopsis Type
sherbournia,Sherbournia,Sherbournia
shirakiopsis_elliptica_type,Shirakiopsis elliptica-type,Shirakiopsis Elliptica-Type
shirakiopsis_type_elliptica,Shirakiopsis-type elliptica,Shirakiopsis Type Elliptica
shirakiopsis_type_s_elliptica,Shirakiopsis-type (S. elliptica),Shirakiopsis Type(s Elliptica)
sideroxylon,Sideroxylon,Sideroxylon
sideroxylon_cf_s_grandiflorum,Sideroxylon cf. S. grandiflorum,Sideroxylon Cf s Grandiflorum
sideroxylon_cf_s_sessiliflorum,Sideroxylon cf. S. sessiliflorum,Sideroxylon Cf s Sessiliflorum
sideroxylon_type,Sideroxylon-type,Sideroxylon Type
sideroxylon_type_oxyacanthum,Sideroxylon-type oxyacanthum,Sideroxylon Type Oxyacanthum
solanecio_type_mannii,Solanecio-type mannii,Solanecio Type Mannii
sorindeia,Sorindeia,Sorindeia
sorindeia_type,Sorindeia-type,Sorindeia Type
sorindeia_type_madagascariensis,Sorindeia-type madagascariensis,Sorindeia Type Madagascariensis
sorindeia_type_s_juglandifolia,Sorindeia-type (S. juglandifolia),Sorindeia Type(s Juglandifolia)
spathodea,Spathodea,Spathodea
spirostachys,Spirostachys,Spirostachys
stachyothyrsus,Stachyothyrsus,Stachyothyrsus
sterculia,Sterculia,Sterculia
sterculia_type,Sterculia-type,Sterculia Type
sterculioideae,Sterculioideae,Sterculioideae
stereospermum,Stereospermum,Stereospermum
strombosia,Strombosia,Strombosia
strombosia_scheffleri_type,Strombosia scheffleri-type,Strombosia Scheffleri-Type
strombosia_type,Strombosia-type,Strombosia Type
strychnos,Strychnos,Strychnos
suaeda_type_monoica,Suaeda-type monoica,Suaeda Type Monoica
swertia_type_kilimandscharica,Swertia-type kilimandscharica,Swertia Type Kilimandscharica
symphonia,Symphonia,Symphonia
symphonia_globulifera,Symphonia globulifera,Symphonia Globulifera
syzygium,Syzygium,Syzygium
syzygium_type,Syzygium-type,Syzygium Type
syzygium_type_guineense,Syzygium-type guineense,Syzygium Type Guineense
tabernaemontana,Tabernaemontana,Tabernaemontana
tabernaemontana_type,Tabernaemontana-type,Tabernaemontana Type
talipariti_tiliaceum,Talipariti tiliaceum,Talipariti Tiliaceum
tamaricaceae,Tamaricaceae,Tamaricaceae
tamarindus,Tamarindus,Tamarindus
tamarindus_type_indica,Tamarindus-type indica,Tamarindus Type Indica
tamarindus_type_t_indica,Tamarindus-type (T. indica),Tamarindus Type(t Indica)
tamarix,Tamarix,Tamarix
tamarix_senegalensis,Tamarix senegalensis,Tamarix Senegalensis
tambourissa_purpurea_type,Tambourissa purpurea-type,Tambourissa Purpurea-Type
tapinanthus,Tapinanthus,Tapinanthus
tapinanthus_type,Tapinanthus-type,Tapinanthus Type
tapura,Tapura,Tapura
tapura_fischeri_type,Tapura fischeri-type,Tapura Fischeri-Type
tarchonantheae,Tarchonantheae,Tarchonantheae
tarchonanthus,Tarchonanthus,Tarchonanthus
tarchonanthus_camphoratus,Tarchonanthus camphoratus,Tarchonanthus Camphoratus
tarchonanthus_type_camphoratus,Tarchonanthus-type camphoratus,Tarchonanthus Type Camphoratus
tarenna,Tarenna,Tarenna
tarenna_type,Tarenna-type,Tarenna Type
taxus,Taxus,Taxus
taxus_baccata,Taxus baccata,Taxus Baccata
teclea,Teclea,Teclea
teclea_type,Teclea-type,Teclea Type
tectona_grandis,Tectona grandis,Tectona Grandis
terminalia,Terminalia,Terminalia
terminalia_benzoin,Terminalia benzoin,Terminalia Benzoin
tetracera,Tetracera,Tetracera
tetracera_alnifolia,Tetracera alnifolia,Tetracera Alnifolia
tetracera_alnifolia_type,Tetracera alnifolia-type,Tetracera Alnifolia-Type
tetracera_type,Tetracera-type,Tetracera Type
tetraena_simplex_type,Tetraena simplex-type,Tetraena Simplex-Type
tetrapleura,Tetrapleura,Tetrapleura
tetrapleura_tetraptera_type,Tetrapleura tetraptera-type,Tetrapleura Tetraptera-Type
tetrorchidium,Tetrorchidium,Tetrorchidium
theaceae,Theaceae,Theaceae
thecacoris,Thecacoris,Thecacoris
thecacoris_type,Thecacoris-type,Thecacoris Type
tilia,Tilia,Tilia
tilioideae,Tilioideae,Tilioideae
tilioideae_undiff,Tilioideae undiff.,Tilioideae Undiff
tinospora_bakis,Tinospora bakis,Tinospora Bakis
toddalia,Toddalia,Toddalia
toddalia_asiatica,Toddalia asiatica,Toddalia Asiatica
toddalia_asiatica_type,Toddalia asiatica-type,Toddalia Asiatica-Type
toddalia_type_asiatica,Toddalia-type asiatica,Toddalia Type Asiatica
toddalia_type_t_asiatica,Toddalia-type (T. asiatica),Toddalia Type(t Asiatica)
treculia,Treculia,Treculia
treculia_africana,Treculia africana,Treculia Africana
treculia_type_africana,Treculia-type africana,Treculia Type Africana
trema,Trema,Trema
trema_orientalis,Trema orientalis,Trema Orientalis
trema_orientalis_type,Trema orientalis-type,Trema Orientalis-Type
trema_type_orientalis,Trema-type orientalis,Trema Type Orientalis
trema_type_t_orientalis,Trema-type (T. orientalis),Trema Type(t Orientalis)
tricalysia,Tricalysia,Tricalysia
trichilia,Trichilia,Trichilia
trichilia_type,Trichilia-type,Trichilia Type
trichocladus,Trichocladus,Trichocladus
trichocladus_ellipticus,Trichocladus ellipticus,Trichocladus Ellipticus
trichocladus_ellipticus_type,Trichocladus ellipticus-type,Trichocladus Ellipticus-Type
trichocladus_type,Trichocladus-type,Trichocladus Type
trichoscypha,Trichoscypha,Trichoscypha
trichoscypha_type,Trichoscypha-type,Trichoscypha Type
trichoscypha_type_arborea,Trichoscypha-type arborea,Trichoscypha Type Arborea
trilepisium,Trilepisium,Trilepisium
trilepisium_madagascariense_type,Trilepisium madagascariense-type,Trilepisium Madagascariense-Type
trilepisium_type_madagascariense,Trilepisium-type madagascariense,Trilepisium Type Madagascariense
trilepisium_type_t_madagascariense,Trilepisium-type (T. madagascariense),Trilepisium Type(t Madagascariense)
triplochiton_scleroxylon,Triplochiton scleroxylon,Triplochiton Scleroxylon
triumfetta,Triumfetta,Triumfetta
triumfetta_type,Triumfetta-type,Triumfetta Type
trochetia_mauritius_type_146_de_boer,"Trochetia (Mauritius type 146, de Boer)","Trochetia Mauritius Type 146,De Boer)"
trochetia_mauritius_type_174_de_boer,"Trochetia (Mauritius type 174, de Boer)","Trochetia Mauritius Type 174,De Boer)"
trymatococcus,Trymatococcus,Trymatococcus
uapaca,Uapaca,Uapaca
uapaca_guineensis_type,Uapaca guineensis-type,Uapaca Guineensis-Type
uapaca_heudelotii,Uapaca heudelotii,Uapaca Heudelotii
uapaca_kirkiana,Uapaca kirkiana,Uapaca Kirkiana
uapaca_kirkiana_type,Uapaca kirkiana-type,Uapaca Kirkiana-Type
uapaca_nitida,Uapaca nitida,Uapaca Nitida
uapaca_nitida_type,Uapaca nitida-type,Uapaca Nitida-Type
uapaca_staudtii,Uapaca staudtii,Uapaca Staudtii
uapaca_undiff,Uapaca undiff.,Uapaca Undiff
ulex_type,Ulex-type,Ulex Type
ulmaceae,Ulmaceae,Ulmaceae
ulmus,Ulmus,Ulmus
uncaria_type_africana,Uncaria-type africana,Uncaria Type Africana
uncaria_type_u_africana,Uncaria-type (U. africana),Uncaria Type(u Africana)
urticaceae_moraceae,Urticaceae/Moraceae,Urticaceae Moraceae
urticaceae_moraceae_undiff,Urticaceae/Moraceae undiff.,Urticaceae Moraceae Undiff
vangueria_type_madagascariensis,Vangueria-type madagascariensis,Vangueria Type Madagascariensis
vepris_nobilis,Vepris nobilis,Vepris Nobilis
vepris_type,Vepris-type,Vepris Type
vepris_type_dainellii,Vepris-type dainellii,Vepris Type Dainellii
vepris_type_nobilis,Vepris-type nobilis,Vepris Type Nobilis
vepris_type_v_nobilis,Vepris-type (V. nobilis),Vepris Type(v Nobilis)
viburnum,Viburnum,Viburnum
vismia,Vismia,Vismia
vitaceae,Vitaceae,Vitaceae
vitaceae_undiff,Vitaceae undiff.,Vitaceae Undiff
vitellaria,Vitellaria,Vitellaria
vitellaria_type_v_paradoxa,Vitellaria-type (V. paradoxa),Vitellaria Type(v Paradoxa)
vitex,Vitex,Vitex
vitex_doniana,Vitex doniana,Vitex Doniana
vitex_type,Vitex-type,Vitex Type
vitis,Vitis,Vitis
waltheria,Waltheria,Waltheria
waltheria_type,Waltheria-type,Waltheria Type
weinmannia,Weinmannia,Weinmannia
welwitschia_mirabilis,Welwitschia mirabilis,Welwitschia Mirabilis
widdringtonia,Widdringtonia,Widdringtonia
ximenia,Ximenia,Ximenia
ximenia_americana,Ximenia americana,Ximenia Americana
xymalos,Xymalos,Xymalos
zaleya_type,Zaleya-type,Zaleya Type
zanha,Zanha,Zanha
zanha_golungensis_type,Zanha golungensis-type,Zanha Golungensis-Type
zanha_type_golungensis,Zanha-type golungensis,Zanha Type Golungensis
zanthoxylum,Zanthoxylum,Zanthoxylum
zanthoxylum_chalybeum_type,Zanthoxylum chalybeum-type,Zanthoxylum Chalybeum-Type
zanthoxylum_gilletii,Zanthoxylum gilletii,Zanthoxylum Gilletii
zanthoxylum_type,Zanthoxylum-type,Zanthoxylum Type
zanthoxylum_type_chalybeum,Zanthoxylum-type chalybeum,Zanthoxylum Type Chalybeum
zanthoxylum_type_usambarense,Zanthoxylum-type usambarense,Zanthoxylum Type Usambarense
zanthoxylum_type_z_gilletii,Zanthoxylum-type (Z. gilletii),Zanthoxylum Type(z Gilletii)
zanthoxylum_type_z_usambarense,Zanthoxylum-type (Z. usambarense),Zanthoxylum Type(z Usambarense)
zanthoxylum_undiff,Zanthoxylum undiff.,Zanthoxylum Undiff
zanthoxylum_usambarense,Zanthoxylum usambarense,Zanthoxylum Usambarense
zanthoxylum_usambarense_type,Zanthoxylum usambarense-type,Zanthoxylum Usambarense-Type
zanthoxylum_zanthoxyloides,Zanthoxylum zanthoxyloides,Zanthoxylum Zanthoxyloides
ziziphus,Ziziphus,Ziziphus
ziziphus_type,Ziziphus-type,Ziziphus Type
zygophyllaceae,Zygophyllaceae,Zygophyllaceae
