taxon_name,taxon_harmonised
abies,Abies
abies_alba,Abies alba
abies_undiff,Abies
acacia,Acacia
acer,Acer
acer_campestre,Acer campestre
acer_campestre_type,Acer
acer_negundo,Acer negundo
acer_negundo_type,Acer
acer_type,Acer
aesculus,Aesculus
aesculus_hippocastanum,Aesculus hippocastanum
aesculus_type,Aesculus
ailanthus,Ailanthus
ailanthus_altissima,Ailanthus altissima
alnus,Alnus
alnus_cf_a_glutinosa,Alnus
alnus_cf_a_suaveolens,Alnus
alnus_cf_a_viridis,Alnus
alnus_corroded,Alnus
alnus_glutinosa,Alnus glutinosa
alnus_glutinosa_a_incana,Alnus
alnus_glutinosa_type,Alnus
alnus_incana,Alnus incana
alnus_incana_type,Alnus
alnus_shrub_pale_shallow_pores,Alnus
alnus_sp,Alnus
alnus_subg_alnobetula,Alnus
alnus_tree_robust_deep_pores,Alnus
alnus_undiff,Alnus
alnus_viridis,Alnus alnobetula
alnus_viridis_subsp_suaveolens,Alnus viridis suaveolens
alnus_viridis_type,Alnus
andromeda,Andromeda
andromeda_polifolia,Andromeda polifolia
andromeda_type,Andromeda
arbutus,Arbutus
arbutus_unedo,Arbutus unedo
arceuthobium,Arceuthobium
arceuthobium_oxycedri,Arceuthobium oxycedri
arctostaphylos,Arctostaphylos
arctostaphylos_uva_minus_ursi,Arctostaphylos uva-ursi
arctostaphylos_uva_minus_ursi_type,Arctostaphylos
arctous_alpina,Arctostaphylos alpinus
berberidaceae,Berberidaceae
berberis,Berberis
berberis_type,Berberis
berberis_vulgaris,Berberis vulgaris
betula,Betula
betula_alnus_corylus_myrica_type_114_hd_v,Betula alnus
betula_carpinus,Betula
betula_cf_b_nana,Betula
betula_corroded,Betula
betula_corylus,Betula
betula_corylus_myrica,Betula
betula_excluding_b_nana,Betula
betula_fruticosa,Betula fruticosa
betula_humilis,Betula intermedia
betula_hybrid,Betula
betula_nana,Betula nana
betula_nana_type,Betula
betula_pendula,Betula pendula
betula_pendula_b_pubescens,Betula
betula_pubescens,Betula pubescens
betula_pubescens_type,Betula
betula_sect_apterocaryon,Betula
betula_sect_betula,Betula
betula_tree,Betula
betula_undiff,Betula
betulaceae,Betulaceae
bruckenthalia,Erica
bruckenthalia_type,Erica
buxus,Buxus
buxus_sempervirens,Buxus sempervirens
calicotome,Calicotome
calligonum,Calligonum
calluna,Calluna
calluna_vulgaris,Calluna vulgaris
calluna_vulgaris_type,Calluna
cannabaceae,Cannabaceae
cannabaceae_undiff,Cannabaceae
caprifoliaceae,Caprifoliaceae
caprifoliaceae_undiff,Caprifoliaceae
carpinus,Carpinus
carpinus_betulus,Carpinus betulus
carpinus_betulus_type,Carpinus
carpinus_corroded,Carpinus
carpinus_orientalis,Carpinus orientalis
carpinus_orientalis_type,Carpinus
carpinus_type,Carpinus
carya,Carya
carya_glabra_type,Carya
carya_tomentosa_type,Carya
carya_type,Carya
castanea,Castanea
castanea_sativa,Castanea sativa
castanea_type,Castanea
cedrus,Cedrus
cedrus_type,Cedrus
celastraceae,Celastraceae
celtis,Celtis
celtis_australis,Celtis australis
cephalanthus,Cephalanthus
ceratonia,Ceratonia
ceratonia,Ithomia
ceratonia_siliqua,Ceratonia siliqua
cercis,Cercis
cercis_siliquastrum,Cercis siliquastrum
cf_carpinus,Carpinus
cf_cedrus,Cedrus
cf_cytisus,Cytisus
cf_daphne,Daphne
cf_empetrum,Empetrum
cf_ephedra_fragilis,Ephedra fragilis
cf_ephedra_fragilis,Ephedra major
cf_ficus,Ficus
cf_frangula_alnus,Frangula alnus
cf_hippophae_rhamnoides,Hippophae rhamnoides
cf_ilex,Ilex
cf_juniperus,Juniperus
cf_larix,Larix
cf_larix_type,Larix
cf_lonicera,Lonicera
cf_myrica,Myrica
cf_myricaria_germanica,Myricaria germanica
cf_myrtus,Myrtus
cf_olea,Olea
cf_platanus,Platanus
cf_populus_tremula,Populus tremula
cf_prunus,Prunus
cf_pterocarya,Pterocarya
cf_quercus,Quercus
cf_rhamnus,Rhamnus
cf_rubus,Rubus
cf_rubus_chamaemorus,Rubus chamaemorus
cf_salix_herbacea,Salix herbacea
cf_salix_polaris,Salix polaris
cf_sambucus,Sambucus
cf_sambucus_nigra,Sambucus nigra
cf_sambucus_racemosa,Sambucus racemosa
cf_sorbus,Sorbus
cf_sorbus_aucuparia,Sorbus aucuparia
cf_taxus,Taxus
cf_viburnum,Viburnum
cf_viburnum_opulus,Viburnum opulus
cf_viscum,Viscum
cf_zelkova,Zelkova
chamaerops,Chamaerops
chamaerops_humilis,Chamaerops humilis
chrysophyllum,Chrysophyllum
cistus,Cistus
cistus_albidus_type,Cistus
cistus_cf_c_albidus,Cistus
cistus_monspeliensis_type,Cistus
cistus_type,Cistus
citrus,Citrus
coniferae_saccate,Coniferina
coniferae_type,Coniferina
coniferae_undiff,Coniferina
coriaria,Coriaria
coriaria_myrtifolia,Coriaria myrtifolia
cornaceae,Cornaceae
cornus,Cornus
cornus_cf_c_suecica,Cornus
cornus_mas,Cornus mas
cornus_mas_c_suecica,Cornus
cornus_mas_type,Cornus
cornus_sanguinea,Cornus sanguinea
cornus_sanguinea_type,Cornus
cornus_suecica,Cornus suecica
cornus_suecica_thick_wall,Cornus suecica
cornus_suecica_type,Cornus
corylus,Corylus
corylus_avellana,Corylus avellana
corylus_avellana_type,Corylus
corylus_corroded,Corylus
corylus_myrica,Corylus
corylus_myrica_undiff,Corylus
corylus_type,Corylus
cotinus_coggygria,Cotinus coggygria
cotinus_type,Cotinus
cotoneaster,Cotoneaster
crataegus,Crataegus
crataegus_monogyna,Crataegus monogyna
crataegus_type,Crataegus
cryptomeria,Cryptomeria
cupressaceae,Cupressaceae
cupressaceae_taxaceae,Cupressaceae
cupressaceae_type,Cupressaceae
cupressaceae_undiff,Cupressaceae
cupressus,Cupressus
cytisus,Cytisus
cytisus_genista_type,Cytisus
cytisus_grandiflorus,Cytisus grandiflorus
cytisus_scoparius,Cytisus scoparius
cytisus_type,Cytisus
dalechampia,Dalechampia
daphne,Daphne
daphne_gnidium_type,Daphne
daphne_laureola,Daphne laureola
daphne_thymelaea,Thymelaea sanamunda
daphne_type,Daphne
empetrum,Empetrum
empetrum_cf_e_nigrum,Empetrum
empetrum_hermaphroditum,Empetrum hermaphroditum
empetrum_nigrum,Empetrum nigrum
empetrum_nigrum_type,Empetrum
empetrum_type,Empetrum
engelhardia_type,Engelhardia
ephedra,Ephedra
ephedra_cf_e_fragilis,Ephedra
ephedra_distachya,Ephedra distachya
ephedra_distachya_e_major_subsp_major,Ephedra
ephedra_distachya_subsp_helvetica_type,Ephedra distachya
ephedra_distachya_type,Ephedra
ephedra_foeminea_type,Ephedra
ephedra_fragilis,Ephedra fragilis
ephedra_fragilis,Ephedra major
ephedra_fragilis_type,Ephedra
ephedra_major,Ephedra major
ephedra_major_subsp_major,Ephedra major major
ephedra_major_type,Ephedra
ephedra_strobilacea,Ephedra strobilacea
ephedra_strobilacea_type,Ephedra
ephedra_undiff,Ephedra
erica,Erica
erica_arborea,Erica arborea
erica_arborea_type,Erica
erica_australis,Erica australis
erica_australis_type,Erica
erica_cf_e_tetralix,Erica
erica_ciliaris,Erica ciliaris
erica_ciliaris_type,Erica
erica_cinerea,Erica cinerea
erica_cinerea_e_tetralix,Erica
erica_multiflora_type,Erica
erica_scoparia_type,Erica
erica_tetralix,Erica tetralix
erica_tetralix_type,Erica
erica_type,Erica
erica_umbellata,Erica umbellata
erica_umbellata_type,Erica
erica_undiff,Erica
ericaceae,Ericaceae
ericaceae_cf_calluna,Ericaceae
ericaceae_cf_cassiope,Ericaceae
ericaceae_cf_ledum,Ericaceae
ericaceae_cf_vaccinium,Ericaceae
ericaceae_type,Ericaceae
ericaceae_undiff,Ericaceae
ericales,Ericales
ericales_tetrad,Ericales
ericales_undiff,Ericales
ericoideae,Ericaceae
erythrina,Erythrina
erythrina_type,Erythrina
eucalyptus,Eucalyptus
euonymus,Euonymus
euonymus_europaeus,Euonymus europaeus
fagus,Fagus
fagus_sylvatica,Fagus sylvatica
ficus,Ficus
ficus_carica,Ficus carica
frangula,Frangula
frangula_alnus,Frangula alnus
frangula_alnus_type,Frangula
frankenia,Frankenia
fraxinus,Fraxinus
fraxinus_angustifolia,Fraxinus angustifolia
fraxinus_angustifolia_type,Fraxinus
fraxinus_cf_f_angustifolia_f_oxycarpa,Fraxinus
fraxinus_excelsior,Fraxinus excelsior
fraxinus_excelsior_type,Fraxinus
fraxinus_ornus,Fraxinus ornus
fraxinus_ornus_type,Fraxinus
fraxinus_undiff,Fraxinus
fumana,Fumana
fumana_type,Fumana
fumaria_officinalis_type,Fumaria
genista,Genista
genista_cytisus,Genista
genista_type,Genista
halimium,Halimium
halimium_halimifolium_type,Halimium
halimium_tuberaria,Halimium
halimium_type,Halimium
hedera,Hedera
hedera_helix,Hedera helix
hedera_helix_type,Hedera
hedera_type,Hedera
hippocastanoideae,Sapindaceae
hippophae,Hippophae
hippophae_rhamnoides,Hippophae rhamnoides
hypericaceae,Hypericaceae
ilex,Ilex
ilex_aquifolium,Ilex aquifolium
ilex_aquifolium_type,Ilex
ilex_type,Ilex
juglandaceae,Juglandaceae
juglandaceae_type,Juglandaceae
juglans,Juglans
juglans_nigra,Juglans nigra
juglans_regia,Juglans regia
juglans_type,Juglans
juniperus,Juniperus
juniperus_communis,Juniperus
juniperus_communis_type,Juniperus
juniperus_type,Juniperus
kalmia_procumbens,Kalmia procumbens
larix,Larix
larix_decidua,Larix decidua
larix_decidua_type,Larix
larix_pseudotsuga,Larix
larix_type,Larix
laurus,Laurus
ligustrum,Ligustrum
ligustrum_type,Ligustrum
ligustrum_vulgare,Ligustrum vulgare
ligustrum_vulgare_type,Ligustrum
liquidambar,Liquidambar
liriodendron_tulipifera,Liriodendron tulipifera
lonicera,Lonicera
lonicera_alpigena,Lonicera alpigena
lonicera_caerulea,Lonicera caerulea
lonicera_nigra,Lonicera nigra
lonicera_nigra_type,Lonicera
lonicera_periclymenum,Lonicera periclymenum
lonicera_periclymenum_type,Lonicera
lonicera_type,Lonicera
lonicera_xylosteum,Lonicera xylosteum
lonicera_xylosteum_type,Lonicera
loranthaceae,Loranthaceae
loranthus,Loranthus
loranthus_europaeus,Loranthus europaeus
lycium,Lycium
lycium_type,Lycium
magnolia_type,Magnolia
magnoliaceae,Magnoliaceae
magnoliaceae_undiff,Magnoliaceae
malus,Malus
malus_sylvestris,Malus sylvestris
malus_type,Malus
maytenus,Maytenus
mesembryanthemum,Mesembryanthemum
moraceae,Moraceae
morus,Morus
morus_alba,Morus alba
morus_alba_type,Morus
morus_nigra,Morus nigra
morus_type,Morus
myrica,Myrica
myrica_gale,Myrica gale
myrica_type,Myrica
myricaceae,Myricaceae
myricaria,Myricaria
myricaria_germanica,Myricaria germanica
myricaria_germanica_type,Myricaria
myricaria_type,Myricaria
myrtus,Myrtus
myrtus_communis,Myrtus communis
myrtus_type,Myrtus
nerium,Nerium
nerium_oleander,Nerium oleander
normapolles,Juglandaceae
nothofagus,Nothofagus
nyssa,Nyssa
olea,Olea
olea_europaea,Olea europaea
olea_phillyrea,Olea
oleaceae,Oleaceae
oleaceae_brassicaceae,Oleaceae
oleaceae_undiff,Oleaceae
ostrya,Ostrya
ostrya_carpinifolia,Ostrya carpinifolia
ostrya_carpinus,Ostrya
ostrya_carpinus_betulus_type,Ostrya
ostrya_carpinus_orientalis,Ostrya
ostrya_type,Ostrya
osyris,Osyris
paliurus,Paliurus
periploca,Periploca
phillyrea,Phillyrea
phillyrea_angustifolia_type,Phillyrea
phillyrea_latifolia,Phillyrea latifolia
phillyrea_type,Phillyrea
phoenix_type,Phoenix
picea,Picea
picea_abies,Picea glauca
picea_abies_type,Picea
picea_degraded,Picea
picea_omorika_type,Picea
pinus,Pinus
pinus_cembra,Pinus cembra
pinus_cembra_type,Pinus
pinus_cf_p_pinaster,Pinus
pinus_degraded,Pinus
pinus_halepensis_p_pinea,Pinus
pinus_halepensis_p_pinea_type,Pinus
pinus_halepensis_type,Pinus
pinus_haploxylon,Pinus
pinus_mugo,Pinus mugo
pinus_nigra_type,Pinus
pinus_peuce,Pinus peuce
pinus_pinaster,Pinus pinaster
pinus_pinaster_type,Pinus
pinus_pinea,Pinus pinea
pinus_pinea_type,Pinus
pinus_sp,Pinus
pinus_subg_pinus,Pinus
pinus_subg_pinus_type,Pinus
pinus_subg_strobus,Pinus
pinus_subg_strobus_type,Pinus
pinus_sylvestris,Pinus sylvestris
pinus_sylvestris_p_mugo,Pinus
pinus_sylvestris_p_nigra_type,Pinus
pinus_sylvestris_type,Pinus
pinus_type,Pinus
pinus_undiff,Pinus
pistacia,Pistacia
pistacia_lentiscus,Pistacia lentiscus
pistacia_terebinthus,Pistacia terebinthus
platanus,Platanus
platanus_orientalis,Platanus orientalis
platycarya,Platycarya
podocarpus_type,Podocarpus
populus,Populus
populus_balsamifera_type,Populus
populus_nigra,Populus nigra
populus_tremula,Populus tremula
populus_tremula_type,Populus
prunus,Prunus
prunus_avium_p_spinosa,Prunus
prunus_avium_type,Prunus
prunus_cf_p_padus,Prunus
prunus_padus,Prunus padus
prunus_sorbus,Cormus domestica
prunus_sp,Prunus
prunus_spinosa,Prunus spinosa
prunus_spinosa_type,Prunus
prunus_type,Prunus
prunus_undiff,Prunus
pseudotsuga_menziesii,Pseudotsuga menziesii
pterocarya,Pterocarya
punica_granatum,Punica granatum
pyrus_malus,Malus domestica
pyrus_malus,Pyrus malus
pyrus_type,Pyrus
quercus,Quercus
quercus_cerris,Quercus cerris
quercus_cerris_q_suber,Quercus
quercus_cerris_type,Quercus
quercus_cf_q_suber,Quercus
quercus_coccifera,Quercus coccifera
quercus_coccifera_type,Quercus
quercus_deciduous,Quercus
quercus_deciduous_type,Quercus
quercus_evergreen,Quercus
quercus_evergreen_type,Quercus
quercus_faginea,Quercus faginea
quercus_faginea_type,Quercus
quercus_frainetto,Quercus frainetto
quercus_ilex,Quercus ilex
quercus_ilex_q_coccifera,Quercus
quercus_ilex_q_coccifera_type,Quercus
quercus_ilex_type,Quercus
quercus_infectoria_subsp_veneris_type,Quercus infectoria
quercus_pubescens_q_robur_type,Quercus
quercus_pubescens_type,Quercus
quercus_pyrenaica_type,Quercus
quercus_robur,Quercus robur
quercus_robur_group,Quercus robur
quercus_robur_type,Quercus
quercus_sp,Quercus
quercus_suber,Quercus suber
quercus_suber_type,Quercus
quercus_undiff,Quercus
rhamnaceae,Rhamnaceae
rhamnaceae_undiff,Rhamnaceae
rhamnus,Rhamnus
rhamnus_cathartica,Rhamnus cathartica
rhamnus_frangula,Frangula alnus
rhamnus_paliurus,Paliurus spina-christi
rhamnus_type,Rhamnus
rhododendron,Rhododendron
rhododendron_subsect_ledum,Rhododendron
rhododendron_tomentosum,Rhododendron tomentosum
rhododendron_type,Rhododendron
rhus,Rhus
rhus_coriaria,Rhus coriaria
rhus_coriaria_type,Rhus
rhus_group,Rhus
ribes,Ribes
ribes_alpinum,Ribes alpinum
ribes_cf_r_alpinum,Ribes
ribes_rubrum_type,Ribes
ribes_type,Ribes
ribes_uva_minus_crispa,Ribes uva-crispa
robinia,Robinia
robinia_pseudoacacia,Robinia pseudoacacia
rosa,Rosa
rosa_cf_r_canina,Rosa
rosaceae_cf_prunus,Rosaceae
rosaceae_cf_sorbus,Rosaceae
rosaceae_trees,Rosaceae
rosaceae_trees_undiff,Rosaceae
rubiaceae,Rubiaceae
rubus,Rubus
rubus_arcticus,Rubus arcticus
rubus_arcticus_type,Rubus
rubus_cf_r_arcticus,Rubus
rubus_cf_r_idaeus,Rubus
rubus_cf_r_saxatilis,Rubus
rubus_chamaemorus,Rubus chamaemorus
rubus_chamaemorus_type,Rubus
rubus_fruticosus,Rubus fruticosus
rubus_fruticosus_type,Rubus
rubus_saxatilis,Rubus saxatilis
rubus_sp,Rubus
rubus_type,Rubus
rubus_ulmifolius_type,Rubus
rubus_undiff,Rubus
salix,Salix
salix_caprea,Salix caprea
salix_glauca_type,Salix
salix_herbacea,Salix herbacea
salix_herbacea_type,Salix
salix_pentandra_type,Salix
salix_polaris_type,Salix
salix_type,Salix
salix_undiff,Salix
sambucus,Sambucus
sambucus_cf_s_ebulus,Sambucus
sambucus_cf_s_nigra,Sambucus
sambucus_cf_s_racemosa,Sambucus
sambucus_ebulus,Sambucus ebulus
sambucus_nigra,Sambucus nigra
sambucus_nigra_s_racemosa,Sambucus
sambucus_nigra_type,Sambucus
sambucus_racemosa,Sambucus racemosa
sambucus_type,Sambucus
sambucus_undiff,Sambucus
santalaceae,Santalaceae
sciadopitys,Sciadopitys
sequoia,Sequoia
sorbus,Sorbus
sorbus_aria,Aria edulis
sorbus_aria_type,Sorbus
sorbus_aucuparia,Sorbus aucuparia
sorbus_aucuparia_type,Sorbus
sorbus_cf_s_aucuparia,Sorbus
sorbus_group,Sorbus
sorbus_sp,Sorbus
sorbus_torminalis,Torminalis glaberrima
sorbus_type,Sorbus
spartium,Spartium
spartium_junceum,Spartium junceum
spermatophyta_undiff_deciduous_trees,Tracheophyta
spermatophyta_undiff_shrubs,Tracheophyta
spermatophyta_undiff_trees_shrubs,Tracheophyta
sphagnum_type,Sphagnum
spiraea,Spiraea
spiraea_type,Spiraea
staphylea,Staphylea
staphylea_pinnata,Staphylea pinnata
styrax,Styrax
symplocos,Symplocos
syringa,Syringa
syringa_vulgaris,Syringa vulgaris
tamarix,Tamarix
taxodium,Taxodium
taxus,Taxus
taxus_baccata,Taxus
thymelaea,Thymelaea
tilia,Tilia
tilia_americana,Tilia americana
tilia_cordata,Tilia cordata
tilia_cordata_t_platyphyllos,Tilia cordata
tilia_cordata_type,Tilia cordata
tilia_platyphyllos,Tilia platyphyllos
tilia_platyphyllos_type,Tilia platyphyllos
tilia_undiff,Tilia
trachycarpus_fortunei,Trachycarpus fortunei
tsuga,Tsuga
tsuga_diversifolia_type,Tsuga diversifolia
tsuga_heterophylla,Tsuga heterophylla
tsuga_type,Tsuga
ulex,Ulex
ulex_cytisus_sect_spartopsis,Ulex
ulex_cytisus_sect_spartopsis_type,Ulex
ulex_cytisus_type,Ulex
ulex_type,Ulex
ulmus,Ulmus
ulmus_corroded,Ulmus
ulmus_glabra_type,Ulmus glabra
ulmus_minor,Ulmus minor
ulmus_zelkova,Ulmus
urticalean_rosids,Cannabaceae
vaccinioideae,Vaccinioides
vaccinium,Vaccinium
vaccinium_group,Vaccinium
vaccinium_myrtillus,Vaccinium myrtillus
vaccinium_myrtillus_type,Vaccinium myrtillus
vaccinium_sp,Vaccinium
vaccinium_type,Vaccinium
vaccinium_uliginosum,Vaccinium uliginosum
vaccinium_vitis_minus_idaea,Vaccinium vitis
viburnum,Viburnum
viburnum_cf_v_opulus,Viburnum
viburnum_lantana,Viburnum lantana
viburnum_lantana_type,Viburnum lantana
viburnum_opulus,Viburnum opulus
viburnum_opulus_type,Viburnum opulus
viburnum_opulus_v_tinus,Viburnum opulus
viburnum_tinus,Viburnum tinus
viburnum_type,Viburnum
viburnum_undiff,Viburnum
viscum,Viscum
viscum_album,Viscum album
viscum_album_sensu_lato,Viscum album
viscum_album_type,Viscum album
vitex_agnus_minus_castus,Vitex agnus-castus
vitis,Vitis
vitis_sylvestris_vinifera,Vitis gmelinii
vitis_sylvestris_vinifera,Vitis vulpina
vitis_vinifera,Vitis vinifera unranked
zelkova,Zelkova
ziziphus,Ziziphus
