taxon_name,taxon_harmonised
abatia,Abatia
abies,Abies
acacia,Acacia
acacia_inga,Acacia
acacia_type,Acacia
acanthaceae_undiff,Acanthaceae
acer,Acer
acnistus,Acnistus
actinostemon,Actinostemon
actinostemon_concolor,Actinostemon concolor
adelobotrys,Adelobotrys
adelobotrys_type,Adelobotrys
adenopeltis,Adenopeltis
adesmia,Adesmia
adiscanthus,Adiscanthus
aechmea,Aechmea
aegiphila,Aegiphila
aegiphila_type,Aegiphila
aeschynomene,Aeschynomene
aetanthus,Aetanthus
aextoxicon_punctatum,Aextoxicon punctatum
aff_astronium,Eucosma
aff_casuarina,Eucosma
aff_colubrina,Eucosma
aff_dalechampia,Eucosma
aff_fissicalyx,Eucosma
aff_gaylussacia,Eucosma
aff_malvaceae,Eucosma
aff_melanoxylon,Eucosma
aff_posoqueria,Eucosma
aff_trichilia,Eucosma
aff_triumfetta,Eucosma
agarista,Agarista
agavoideae,Asparagaceae
alchornea,Alchornea
alchornea_conceveibum,Alchornea
alchornea_latifolia,Alchornea latifolia
alchornea_type,Alchornea
alchornea_type_1,Alchornea
alchornea_type_2,Alchornea
alchornea_type_3,Alchornea
alchornea_type_4,Alchornea
alchornea_type_a,Alchornea
alchorneopsis,Alchorneopsis
alchorneopsis_floribunda,Alchorneopsis floribunda
aldina,Aldina
alibertia,Alibertia
alibertia_amaioua,Alibertia
alibertia_type,Alibertia
allophylus,Oreophoetes
allophylus_type,Oreophoetes
alnus,Alnus
alnus_acuminata,Alnus acuminata
alnus_glutinosa,Alnus glutinosa
aloysia,Aloysia
alseis,Alseis
amaioua,Amaioua
amanoa,Amanoa
amyris,Amyris
anacardiaceae,Anacardiaceae
anacardiaceae_20_mu_m,Anacardiaceae
anacardiaceae_cf_loxopterygium,Anacardiaceae
anacardiaceae_cf_schinus,Anacardiaceae
anacardiaceae_cf_spondias,Anacardiaceae
anacardiaceae_type_16,Anacardiaceae
anacardiaceae_type_19,Anacardiaceae
anacardiaceae_type_20,Anacardiaceae
anacardiaceae_type_25,Anacardiaceae
anacardiaceae_type_30,Anacardiaceae
anacardiaceae_type_35,Anacardiaceae
anacardiaceae_type_i,Anacardiaceae
anacardiaceae_type_ii,Anacardiaceae
anacardiaceae_type_iii,Anacardiaceae
anacardiaceae_undiff,Anacardiaceae
anacardium,Anacardium
anacardium_type,Anacardium
anadenanthera,Anadenanthera
anadenanthera_polyad_type_16,Anadenanthera
anadenanthera_polyad_type_8,Anadenanthera
andira,Andira
andira_type,Andira
anemopaegma,Anemopaegma
annona,Annona
annona_sp,Annona
annona_type,Annona
annona_type_a,Annona
annona_type_b,Annona
annonaceae,Annonaceae
annonaceae_cf_annona,Annonaceae
annonaceae_undiff,Annonaceae
anthodiscus,Anthodiscus
anthodon,Anthodon
antidaphne,Antidaphne
antidaphne_type,Antidaphne
antirhea,Antirhea
apeiba,Apeiba
apeiba_tibourbou,Apeiba tibourbou
apeiba_type,Apeiba
apoplanesia,Apoplanesia
apuleia,Apuleia
apuleia_leiocarpa,Apuleia leiocarpa
apuleia_type,Apuleia
aquifoliaceae_undiff,Aquifoliaceae
araliaceae_cf_didymopanax,Araliaceae
araliaceae_cf_oreopanax,Araliaceae
araucaria,Araucaria
araucaria_angustifolia,Araucaria angustifolia
arcytophyllum,Arcytophyllum
ardisia,Ardisia
arecaceae,Arecaceae
arecaceae_bromeliaceae,Arecaceae
arecaceae_cf_desmoncus,Arecaceae
arecaceae_cf_euterpe,Arecaceae
arecaceae_cf_geonoma,Arecaceae
arecaceae_cf_oenocarpus,Arecaceae
arecaceae_cf_phytelephas,Arecaceae
arecaceae_echinate,Arecaceae
arecaceae_monocolpate,Arecaceae
arecaceae_pro_parte,Arecaceae
arecaceae_reticulate,Arecaceae
arecaceae_tricolpate,Arecaceae
arecaceae_type_1,Arecaceae
arecaceae_type_2,Arecaceae
arecaceae_type_5,Arecaceae
arecaceae_type_a,Arecaceae
arecaceae_type_b,Arecaceae
arecaceae_type_c,Arecaceae
arecaceae_type_d,Arecaceae
arecaceae_type_i,Arecaceae
arecaceae_type_ii,Arecaceae
arecaceae_type_iii,Arecaceae
arecaceae_type_iv,Arecaceae
arecaceae_type_v,Arecaceae
arecaceae_undiff,Arecaceae
aristotelia,Aristotelia
arrabidaea,Fridericia
arrabidaea_type_1,Fridericia
arrabidaea_type_2,Fridericia
artemisia_gochnatia,Artemisia
aspidosperma,Aspidosperma
aspidosperma_aff_a_album,Aspidosperma
aspidosperma_type,Aspidosperma
astrocaryum,Astrocaryum
astronium,Astronium
astronium_concinnum,Astronium concinnum
astronium_fraxinifolium,Astronium fraxinifolium
astronium_fraxinifolium_type_3,Astronium fraxinifolium
astronium_fraxinifolium_type_5,Astronium fraxinifolium
astronium_type,Astronium
austrocedrus,Austrocedrus
austrocedrus_chilensis_type,Austrocedrus
avicennia,Avicennia
avicennia_germinans,Avicennia germinans
ayenia,Ayenia
azara,Azara
azara,Erodona
bactris,Bactris
bactris_type,Bactris
balfourodendron,Balfourodendron
banara,Banara
banara_type,Banara
banara_xylosma,Banara
banara_xylosma_type,Banara
banisteriopsis,Banisteriopsis
bathysa,Bathysa
batis,Batis
bauhinia,Bauhinia
bauhinia_bicuspidata_type,Bauhinia
bauhinia_type,Bauhinia
belangera,Lamanonia
berberidaceae,Berberidaceae
berberis,Berberis
bernardia_cf_b_pulchella,Bernardia
bertiera,Bertiera
betulaceae,Betulaceae
bignonia,Bignonia
bignonia_cf_b_neoheterophylla,Bignonia
bignoniaceae,Bignoniaceae
bignoniaceae_undiff,Bignoniaceae
billia,Billia
blepharandra,Blepharandra
bocconia,Bocconia
bocconia_type,Bocconia
bocoa,Bocoa
bombacoideae,Malvaceae
bombacoideae_undiff,Malvaceae
bombacopsis,Pachira
bombax_type_2,Bombax
bombax_undiff,Bombax
bonamia,Bonamia
bonnetia,Bonnetia
boraginales_cf_cordia,Boraginales
borismene,Borismene
bowdichia,Bowdichia
bravaisia,Bravaisia
bravaisia_berlandieriana,Bravaisia berlandieriana
brosimum,Brosimum
brosimum_alicastrum,Brosimum alicastrum
browneopsis_ucayalina_smaller,Browneopsis ucayalina
brunellia,Brunellia
brunellia_type,Brunellia
buddleja,Buddleja
buddleja_type,Buddleja
bumelia,Bumelia
bumelia_type,Bumelia
bunchosia,Bunchosia
bursera,Bursera
bursera_simaruba,Bursera simaruba
burseraceae,Burseraceae
burseraceae_cf_protium,Burseraceae
burseraceae_undiff,Burseraceae
buxus,Buxus
byrsonima,Byrsonima
byrsonima_type,Byrsonima
byrsonima_type_1,Byrsonima
byttneria,Byttneria
byttneria_type,Byttneria
cabralea,Cabralea
cactaceae,Cactaceae
cactaceae_type,Cactaceae
caesalpinia,Caesalpinia
caesalpinia_cenostigma,Caesalpinia
caesalpinioideae,Fabaceae
caesalpinioideae_18_mu_m,Fabaceae
caesalpinioideae_26_mu_m,Fabaceae
caesalpinioideae_cf_senna,Fabaceae
caesalpinioideae_type_22,Fabaceae
caesalpinioideae_undiff,Fabaceae
calliandra,Calliandra
calophyllum,Calophyllum
calycobolus,Calycobolus
calycolpus,Calycolpus
campnosperma,Campnosperma
campomanesia,Campomanesia
capparaceae,Capparaceae
capparis,Capparis
caprifoliaceae,Caprifoliaceae
caraipa,Caraipa
carapa,Carapa
cariniana,Cariniana
caryocar,Caryocar
caryocar_brasiliense,Caryocar brasiliense
caryocaraceae,Caryocaraceae
caryodendron,Caryodendron
casasia,Casasia
casearia,Casearia
casearia_cf_c_arborea,Casearia
casearia_cf_c_commersoniana,Casearia
casearia_cf_c_sylvestris,Casearia
casearia_reticulate,Casearia
casearia_type,Casearia
casearia_type_1,Casearia
cassia,Cassia
cassia_type,Cassia
cassia_type_2,Cassia
cassiope,Cassiope
castanea,Castanea
castela,Castela
castilla_type,Castilla
casuarina,Casuarina
catostemma,Catostemma
cavanillesia,Cavanillesia
cecropia,Cecropia
cecropia_type_1,Cecropia
cedrela,Cedrela
cedrela_cf_c_fissilis,Cedrela
ceiba,Ceiba
celastraceae,Celastraceae
celtis,Celtis
celtis_tetraporate,Celtis
celtis_type,Celtis
celtis_type_1,Celtis
celtis_type_2,Celtis
celtis_type_3,Celtis
celtis_type_4,Celtis
celtis_undiff,Celtis
centrolobium,Centrolobium
centrolobium_sp,Centrolobium
ceroxylon,Ceroxylon
ceroxylon_type,Ceroxylon
cespedesia,Cespedesia
cestrum,Cestrum
cestrum_type_2,Cestrum
cestrum_undiff,Cestrum
cf_agave,Agave
cf_alnus,Alnus
cf_anacardiaceae_type_a,Anacardiaceae
cf_anacardiaceae_type_b,Anacardiaceae
cf_annonaceae_rubiaceae,Annonaceae
cf_apeiba_tibourbou,Apeiba tibourbou
cf_ardisia,Ardisia
cf_aspidosperma,Aspidosperma
cf_astronium_fraxinifolium_type_a,Astronium fraxinifolium
cf_astronium_fraxinifolium_type_b,Astronium fraxinifolium
cf_bauhinia,Bauhinia
cf_bursera,Bursera
cf_carapa,Carapa
cf_carica,Carica
cf_carya,Carya
cf_casearia,Casearia
cf_cassia,Cassia
cf_ceiba,Ceiba
cf_clusia,Clusia
cf_coccoloba,Coccoloba
cf_copaifera,Copaifera
cf_cupressaceae,Cupressaceae
cf_daphne,Daphne
cf_dioclea,Dioclea
cf_elaeagnaceae,Elaeagnaceae
cf_elaeoluma,Elaeoluma
cf_faramea,Faramea
cf_freycinetia,Freycinetia
cf_gossypium,Gossypium
cf_guazuma,Guazuma
cf_heisteria,Heisteria
cf_heliotropium_lafoensia,Euploca lagoensis
cf_hippomane,Hippomane
cf_hyptis,Hyptis
cf_juglans,Juglans
cf_juniperus,Juniperus
cf_macherium_type_7,Machaerium
cf_malpighiaceae,Malpighiaceae
cf_melia,Nardoa
cf_meliaceae,Meliaceae
cf_meliaceae_sapotaceae,Meliaceae
cf_mimosoid_clade,Fabaceae
cf_morus,Morus
cf_myrica,Myrica
cf_myrsine_tricolpate,Myrsine
cf_palicourea,Palicourea
cf_piperaceae,Piperaceae
cf_pistacia,Pistacia
cf_pouteria,Pouteria
cf_psychotria,Psychotria
cf_quercus,Quercus
cf_rapanea,Myrsine
cf_rhamnaceae,Rhamnaceae
cf_rhamnus,Rhamnus
cf_rhizophora,Rhizophora
cf_ribes,Ribes
cf_rubiaceae,Rubiaceae
cf_sapindaceae,Sapindaceae
cf_sapium,Sapium
cf_sapotaceae,Sapotaceae
cf_schefflera,Schefflera
cf_sebastiania,Sebastiania
cf_simarouba_amara,Simarouba amara
cf_spondias,Spondias
cf_sterculia,Sterculia
cf_symmeria,Symmeria
cf_tachigali,Tachigali
cf_talisia,Talisia
cf_tanaecium,Tanaecium
cf_thrinax_iriartea,Thrinax
cf_trema,Trema
cf_trema_lozanella,Trema
cf_trichilia,Trichilia
cf_tristerix,Tristerix
cf_tynanthus,Tynanthus
cf_viburnum,Viburnum
cf_vitex,Vitex
cf_zollernia,Zollernia
chamaedorea,Chamaedorea
cheiloclinium,Cheiloclinium
chelonanthus,Chelonanthus
chelyocarpus,Chelyocarpus
chiococca,Chiococca
chloranthaceae_undiff,Chloranthaceae
chomelia,Chomelia
chomelia_type,Chomelia
chrysobalanaceae,Chrysobalanaceae
chrysobalanaceae_undiff,Chrysobalanaceae
chrysobalanus,Chrysobalanus
chrysophyllum,Chrysophyllum
chrysophyllum_marginatum,Chrysophyllum marginatum
chrysophyllum_undiff,Chrysophyllum
chrysophyllum_viride_type,Chrysophyllum
cissampelos,Cissampelos
cissus,Cissus
cissus_type,Cissus
citrus,Citrus
cleidion,Cleidion
clethra,Clethra
clethra_type,Clethra
clethra_type_2,Clethra
clethra_undiff,Clethra
clethraceae,Clethraceae
clusia,Clusia
clusia_criuva,Clusia criuva
clusia_type,Clusia
clusiaceae,Clusiaceae
clusiaceae_hypericaceae_cf_hypericum,Clusiaceae
clusiella_sp,Clusiella
coccoloba,Coccoloba
coccoloba_type,Coccoloba
cochlospermum,Cochlospermum
codia,Codia
colignonia,Colignonia
colignonia_type,Colignonia
collaea,Collaea
colletia,Colletia
colubrina,Colubrina
combretaceae,Combretaceae
combretaceae_melastomataceae,Combretaceae
combretaceae_melastomataceae_type,Combretaceae
combretaceae_melastomataceae_undiff,Combretaceae
combretum,Combretum
combretum_type,Combretum
commiphora,Commiphora
coniferae_saccate,Coniferina
coniferae_undiff,Coniferina
connaraceae,Connaraceae
connarus,Connarus
connarus_type,Connarus
conocarpus,Conocarpus
conocarpus_erectus,Conocarpus erectus
copaifera,Copaifera
copaifera_aff_c_coriacea,Copaifera
copaifera_type,Copaifera
cordia,Cordia
cordia_cf_c_bicolor,Cordia
cordia_cylindrostachya,Varronia cylindrostachya
cordia_cylindrostachya_type,Cordia
cordia_gerascanthus_type,Cordia
cordia_type_1,Cordia
cordia_type_2,Cordia
cordyline,Cordyline
coriaria,Coriaria
cornus,Cornus
corylus_avellana,Corylus avellana
couepia,Couepia
couepia_sp,Couepia
couratari,Couratari
coussapoa,Coussapoa
coutarea,Coutarea
crescentia,Crescentia
cressa,Cressa
crossopetalum,Crossopetalum
croton,Croton
croton_sect_julocroton,Croton
croton_type,Croton
croton_type_i,Croton
croton_type_ii,Croton
croton_type_iii,Croton
croton_undiff,Croton
crudia_amazonica,Crudia amazonica
cryosophila,Cryosophila
cryptocarpus,Cryptocarpus
cunoniaceae,Cunoniaceae
cunoniaceae_cf_weinmannia,Cunoniaceae
cupania,Cupania
cupania_type_1,Cupania
cupania_type_2,Cupania
cupania_type_3,Cupania
cupressaceae,Cupressaceae
curatella,Curatella
curatella_americana,Curatella americana
curatella_americana_type_1,Curatella americana
curatella_americana_type_2,Curatella americana
curatella_americana_type_3,Curatella americana
curatella_type,Curatella
cybianthus,Cybianthus
cybianthus_type,Cybianthus
cynodendron,Chrysophyllum
cyrilla_racemiflora,Cyrilla racemiflora
cyrilla_sp,Huxleyia
dacrydium,Dacrydium
dacrydium_type,Dacrydium
dacryodes,Dacryodes
dalbergia,Dalbergia
dalbergia_type,Dalbergia
dalbergia_type_1,Dalbergia
dalbergia_type_2,Dalbergia
dalechampia,Dalechampia
dalechampia_type,Dalechampia
daphnopsis,Daphnopsis
daphnopsis_cf_d_beta,Daphnopsis
dendrobangia,Dendrobangia
desfontainia,Desfontainia
desmoncus,Desmoncus
diatenopteryx,Diatenopteryx
dictyocaryum,Dictyocaryum
didymopanax,Didymopanax
didymopanax_distractiflorus_vinosus,Didymopanax
didymopanax_excluding_schefflera,Didymopanax
didymopanax_type,Didymopanax
dilleniaceae,Dilleniaceae
dinizia,Dinizia
dioclea,Dioclea
dioclea_type,Dioclea
dioicodendron,Dioicodendron
diospyros,Diospyros
diploon,Diploon
dipteryx,Dipteryx
dipteryx_sp,Dipteryx
discaria,Discaria
dodonaea,Dodonaea
dodonaea_reticulate,Dodonaea
dodonaea_type,Dodonaea
dodonaea_viscosa,Dodonaea viscosa
doliocarpus,Doliocarpus
drapetes,Drapetes
drimys,Drimys
drimys_brasiliensis,Drimys brasiliensis
drimys_winteri,Drimys winteri
drimys_winteri_type,Drimys
drypetes,Drypetes
duroia,Duroia
echites,Echites
elaeagia_type,Elaeagia
elaeocarpaceae,Elaeocarpaceae
elaeocarpaceae_cf_sloanea,Elaeocarpaceae
elaeocarpaceae_type_1,Elaeocarpaceae
elaeocarpaceae_undiff,Elaeocarpaceae
elaeoluma,Elaeoluma
elaeoluma_aff_e_nuda,Elaeoluma
elaeoluma_glabrescens,Elaeoluma glabrescens
elytropus,Elytropus
embothrium,Embothrium
embothrium_coccineum,Embothrium coccineum
emmotum,Emmotum
empetrum,Empetrum
empetrum_type,Empetrum
encelia,Encelia
endopleura,Endopleura
entada,Entada
ephedra,Ephedra
ephedra_cf_e_tweediana,Ephedra
ephedra_chilensis,Ephedra chilensis
ephedra_fragilis_type,Ephedra
ephedra_undiff,Ephedra
ericaceae,Ericaceae
ericaceae_psilate_35_minus_40_mu_m,Ericaceae
ericaceae_scabrate_40_minus_50_mu_m,Ericaceae
ericaceae_type_1,Ericaceae
ericaceae_type_2,Ericaceae
ericaceae_type_3,Ericaceae
ericaceae_undiff,Ericaceae
ericaceae_verrucate_35_mu_m,Ericaceae
eriotheca,Eriotheca
eriotheca_type,Eriotheca
erisma,Erisma
erithalis,Erithalis
erithalis,Timonius
ernodea,Ernodea
erythrina,Erythrina
erythroxylaceae,Erythroxylaceae
erythroxylum,Erythroxylum
erythroxylum_citrifolium_suberosum_type_3,Erythroxylum
erythroxylum_citrifolium_type_2,Erythroxylum citrifolium
erythroxylum_type_1,Erythroxylum
erythroxylum_type_2,Erythroxylum
erythroxylum_type_4,Erythroxylum
erythroxylum_type_a,Erythroxylum
erythroxylum_type_b,Erythroxylum
escallonia,Escallonia
escallonia_myrtoidea,Escallonia myrtoidea
escallonia_primulaceae_subf_myrsinoideae,Escallonia
escallonia_type,Escallonia
escallonia_undiff,Escallonia
escalloniaceae,Escalloniaceae
eschweilera,Eschweilera
esenbeckia,Esenbeckia
eucalyptus,Eucalyptus
eucryphia,Eucryphia
eucryphia_caldcluvia,Eucryphia
eucryphia_caldcluvia_paniculata,Eucryphia
eucryphia_type,Eucryphia
eugenia,Eugenia
eugenia_type,Eugenia
eugenia_type_1,Eugenia
euphorbiaceae_cf_mabea,Euphorbiaceae
euphorbiaceae_cf_sapium,Euphorbiaceae
euplassa,Euplassa
euterpe,Euterpe
euterpe_geonoma,Euterpe
euterpe_geonoma_type,Euterpe
euterpe_type,Euterpe
euterpe_type_1,Euterpe
euterpe_type_2,Euterpe
exostema,Exostema
exothea,Exothea
fabaceae_cf_parkinsonia,Fabaceae
fabiana,Fabiana
fagales_cf_nothofagus,Fagales
fagus,Fagus
faramea,Faramea
faramea_type,Faramea
ferdinandusa,Ferdinandusa
ficus,Ficus
ficus_sp,Ficus
ficus_type,Ficus
ficus_type_1,Ficus
ficus_type_2,Ficus
forsteronia,Forsteronia
forsteronia_type,Forsteronia
fraxinus,Fraxinus
froesiodendron,Froesiodendron
fuchsia,Fuchsia
fuchsia_regia,Fuchsia regia
fuchsia_type,Fuchsia
gaiadendron,Gaiadendron
gaiadendron_punctate,Gaiadendron
gallesia,Gallesia
garcinia,Garcinia
garrya,Garrya
gaultheria,Gaultheria
gaultheria_ulei,Gaultheria ulei
genipa,Genipa
genipa_type,Genipa
geonoma,Geonoma
gevuina,Gevuina
glycydendron,Glycydendron
gochnatia,Gochnatia
godoya,Godoya
gomortega_keule,Gomortega keule
gonocalyx,Gonocalyx
gordonia,Gordonia
gordonia_fruticosa,Gordonia fruticosa
gordonia_laplacea,Gordonia
gordonia_type_2,Gordonia
gossypium,Gossypium
gouania,Gouania
griselinia,Griselinia
griselinia_cf_g_ruscifolia,Griselinia
guaiacum,Guaiacum
guapira,Guapira
guarea,Guarea
guarea_type,Guarea
guatteria,Guatteria
guazuma,Guazuma
guettarda,Guettarda
guettarda_combsii,Guettarda combsii
guettarda_type,Guettarda
gustavia,Gustavia
gustavia_type_1,Gustavia
gustavia_type_2,Gustavia
gymnanthes,Gymnanthes
haematoxylum,Haematoxylum
hampea_trilobata,Hampea trilobata
havardia,Havardia
hedyosmum,Hedyosmum
hedyosmum_brasiliense,Hedyosmum brasiliense
hedyotis,Hedyotis
heisteria,Heisteria
helicostylis,Helicostylis
helicteres,Helicteres
helicteres_type_1,Helicteres
heliocarpus,Heliocarpus
heliocarpus_americanus,Heliocarpus americanus
herrania,Herrania
heteropterys,Heteropterys
hevea,Hevea
hieronyma,Hieronyma
hieronyma_type,Hieronyma
hieronyma_type_1,Hieronyma
hieronyma_type_2,Hieronyma
hieronyma_type_3,Hieronyma
hieronyma_type_ii,Hieronyma
hieronyma_undiff,Hieronyma
himatanthus,Himatanthus
hippocratea,Hippocratea
hippomane,Hippomane
hiraea,Hiraea
hirtella,Hirtella
holodiscus,Holodiscus
humiria,Humiria
humiriaceae,Humiriaceae
hura,Globba
hydrangea,Hydrangea
hydrangeaceae,Hydrangeaceae
hydrogaster,Hydrogaster
hymenaea,Hymenaea
hymenaea_type,Hymenaea
hyptis,Hyptis
hyptis_type,Hyptis
ilex,Ilex
inga,Inga
inga_sp,Inga
iriartea,Iriartea
iriartea_deltoidea,Iriartea deltoidea
iriartea_type,Iriartea
iriartella,Iriartella
iryanthera,Iryanthera
isertia,Isertia
ixora,Ixora
jacaranda,Jacaranda
jacaranda_type_2,Jacaranda
jatropha,Jatropha
joosia,Joosia
juglandaceae,Juglandaceae
juglans,Juglans
juniperus,Juniperus
juniperus_type,Juniperus
labatia,Labatia
lacistema,Lacistema
lacmellea,Lacmellea
lacmellea_sp,Lacmellea
lacmellea_type,Lacmellea
laetia_aff_l_coriacea,Casearia
lafoensia,Lafoensia
laguncularia,Laguncularia
laguncularia_racemosa,Laguncularia racemosa
lamanonia,Lamanonia
lamanonia_cf_l_speciosa,Lamanonia
lauraceae,Lauraceae
lauraceae_cf_aniba,Lauraceae
laurelia,Laurelia
lecythidaceae,Lecythidaceae
lepidocaryum_type,Lepidocaryum
lepidoceras,Lepidoceras
lepidothamnus_fonkii,Lepidothamnus fonkii
leretia,Leretia
leucaena,Leucaena
licania,Licania
liquidambar,Liquidambar
lithocarpus,Lithocarpus
lithraea,Lithraea
loganiaceae,Loganiaceae
lomatia,Lomatia
lomatia,Cytidia
lomatia_gevuina,Lomatia
lomatia_gevuina,Cytidia
lonchocarpus,Lonchocarpus
longetia,Longetia
loranthaceae,Loranthaceae
loranthaceae_cf_tristerix,Loranthaceae
loranthaceae_type_1,Loranthaceae
loranthaceae_type_2,Loranthaceae
loranthaceae_undiff,Loranthaceae
loxopterygium,Loxopterygium
luehea,Stilbe
luehea_type,Stilbe
lueheopsis,Lueheopsis
luetzelburgia,Luetzelburgia
lundia,Lundia
lundia_sp,Lundia
lythraceae_type_1,Lythraceae
mabea,Mabea
mabea_gunnera,Mabea
mabea_type,Mabea
mabea_type_1,Mabea
mabea_type_2,Mabea
machaerium,Machaerium
machaerium_byrsonima_type_1,Machaerium
machaerium_byrsonima_type_2,Machaerium
machaerium_byrsonima_type_3,Machaerium
machaerium_dalbergia,Machaerium
machaerium_dalbergia_byrsonima,Machaerium
machaerium_type,Machaerium
machaerium_type_2,Machaerium
macoubea,Macoubea
macrocarpaea,Macrocarpaea
macrolobium,Macrolobium
macrolobium_type,Macrolobium
magonia,Magonia
magonia_pubescens,Magonia pubescens
malanea,Malanea
malouetia,Malouetia
malouetia_aff_m_guatemalensis,Malouetia
malouetia_type,Malouetia
malpighiaceae,Malpighiaceae
malpighiaceae_cf_gaudichaudia,Malpighiaceae
malpighiaceae_cf_tetrapterys,Malpighiaceae
malpighiaceae_type,Malpighiaceae
malpighiaceae_type_a,Malpighiaceae
malpighiaceae_type_b,Malpighiaceae
malpighiaceae_type_c,Malpighiaceae
malpighiaceae_type_d,Malpighiaceae
malpighiaceae_type_e,Malpighiaceae
malpighiaceae_undiff,Malpighiaceae
mandevilla,Mandevilla
manilkara,Manilkara
mansoa,Mansoa
maprounea,Maprounea
maprounea_type,Maprounea
maquira,Maquira
maquira_type,Maquira
maracanthus,Maracanthus
marcgraviaceae,Marcgraviaceae
marcgraviaceae_type,Marcgraviaceae
marila,Marila
marila_type,Marila
maripa,Maripa
mascagnia,Mascagnia
matayba,Matayba
matayba_cupania_type_a,Matayba
matayba_cupania_type_b,Matayba
matayba_cupania_type_c,Matayba
matayba_cupania_type_e,Matayba
matayba_type,Matayba
matisia,Matisia
mauritia,Mauritia
mauritia_aff_m_flexuosa,Mauritia
mauritia_flexuosa,Mauritia flexuosa
mauritia_mauritiella,Mauritia mauritiana
mauritia_mauritiella_type,Mauritia mauritiana
mauritia_type,Mauritia
mauritiella,Mauritiella
mauritiella_type,Mauritiella
maytenus,Maytenus
maytenus_boaria_type,Maytenus
maytenus_disticha_type,Maytenus
maytenus_magellanica_type,Maytenus
melastomataceae,Melastomataceae
melastomataceae_19_mu_m,Melastomataceae
melastomataceae_19_mu_m_2,Melastomataceae
melastomataceae_type_1,Melastomataceae
melastomataceae_type_2,Melastomataceae
melastomataceae_undiff,Melastomataceae
melia,Nardoa
meliaceae,Meliaceae
meliaceae_sapotaceae,Meliaceae
meliaceae_sapotaceae_type_a,Meliaceae
meliaceae_sapotaceae_type_b,Meliaceae
meliaceae_sapotaceae_undiff,Meliaceae
meliaceae_type_1,Meliaceae
meliaceae_undiff,Meliaceae
meliosma,Meliosma
meliosma_coccoloba,Meliosma
melochia_type,Melochia
mendoncia,Mendoncia
metopium,Metopium
metopium_brownei,Metopium brownei
metrodorea,Metrodorea
miconia,Miconia
miconia_type,Miconia
micropholis,Micropholis
mimosa,Mimosa
mimosa_cf_m_invisa,Mimosa
mimosa_cf_m_pudica,Mimosa
mimosa_cf_m_scabrella,Mimosa
mimosa_cf_m_taimbensis,Mimosa
mimosa_extensa,Mimosa extensa
mimosa_pudica_type,Mimosa
mimosa_spp,Mimosa
mimosa_type_1,Mimosa
mimosa_type_i,Mimosa
mimosa_type_ii,Mimosa
mimosa_type_iii,Mimosa
mimosa_type_iv,Mimosa
mimosa_type_v,Mimosa
mimosa_undiff,Mimosa
mimosoid_clade,Fabaceae
mimosoid_clade_16_minus_porate_scabrate,Fabaceae
mimosoid_clade_16_minus_porate_verrucate,Fabaceae
mimosoid_clade_8_minus_porate,Fabaceae
mimosoid_clade_indeterminable,Fabaceae
mimosoid_clade_polyad,Fabaceae
mimosoid_clade_polyad_type_16,Fabaceae
mimosoid_clade_polyad_type_8,Fabaceae
mimosoid_clade_scabrate,Fabaceae
mimosoid_clade_tetrad,Fabaceae
mimosoid_clade_tetraporate_psilate_small,Fabaceae
mimosoid_clade_type_i,Fabaceae
mimosoid_clade_type_i_small,Fabaceae
mimosoid_clade_type_ii,Fabaceae
mimosoid_clade_type_ii_cf_acacia,Fabaceae
mimosoid_clade_type_ii_large,Fabaceae
mimosoid_clade_undiff,Fabaceae
minquartia,Minquartia
misodendrum,Misodendrum
molongum,Molongum
molongum_type_1,Molongum
monimiaceae,Monimiaceae
moraceae,Moraceae
moraceae_cf_brosimum,Moraceae
moraceae_diporate,Moraceae
moraceae_stephanoporate,Moraceae
moraceae_triporate,Moraceae
moraceae_undiff,Moraceae
morella_cerifera,Morella cerifera
morella_myrica,Morella
mortoniodendron,Mortoniodendron
morus,Morus
muehlenbeckia,Muehlenbeckia
muehlenbeckia_type,Muehlenbeckia
muntingia,Muntingia
mutisia,Mutisia
mutisia_type,Mutisia
myracrodruon_urundeuva,Myracrodruon urundeuva
myracrodruon_urundeuva_type_2,Myracrodruon urundeuva
myrceugenia,Myrceugenia
myrcia_sp,Myrcia
myrcia_type,Myrcia
myrica,Myrica
myricaceae,Myricaceae
myristicaceae,Myristicaceae
myristicaceae_undiff,Myristicaceae
myrocarpus_aff_m_frondosus,Myrocarpus
myroxylon,Xylosma
myroxylon_type,Xylosma
myrsine,Myrsine
myrsine_sp,Myrsine
myrsine_tetracolpate,Myrsine
myrsine_tricolporate,Myrsine
myrsine_type,Myrsine
myrsinoideae_undiff,Primulaceae
myrtaceae,Myrtaceae
myrtaceae_type,Myrtaceae
myrtaceae_type_2,Myrtaceae
myrtaceae_type_a,Myrtaceae
myrtaceae_type_b,Myrtaceae
myrtaceae_type_c,Myrtaceae
myrtaceae_type_d,Myrtaceae
myrtaceae_undiff,Myrtaceae
myrteola,Myrteola
neea,Neea
norantea,Norantea
nothofagus,Nothofagus
nothofagus_alpina_type,Nothofagus
nothofagus_antarctica,Nothofagus antarctica
nothofagus_cf_n_dombeyi,Nothofagus
nothofagus_dombeyi,Nothofagus dombeyi
nothofagus_dombeyi_type,Nothofagus
nothofagus_obliqua,Nothofagus obliqua
nothofagus_obliqua_type,Nothofagus
nothofagus_pumilio,Nothofagus pumilio
nothofagus_undiff,Nothofagus
ochnaceae,Ochnaceae
ochnaceae_cf_cespedesia,Ochnaceae
ochnaceae_cf_ouratea,Ochnaceae
ochroma,Ochroma
ochroma_type,Ochroma
ocotea_type,Ocotea
oenocarpus,Oenocarpus
olacaceae_undiff,Olacaceae
opuntia,Opuntia
orchidaceae_tetrad,Orchidaceae
oreopanax,Oreopanax
oreopanax_cf_o_fulvum,Oreopanax
oreopanax_type,Oreopanax
oreopolus,Oreopolus
ormosia,Ormosia
orthion,Orthion
oryctanthus,Oryctanthus
oryctanthus_type,Oryctanthus
ostrya_carpinus,Ostrya
ostrya_type,Ostrya
ouratea,Ouratea
ouratea_type,Ouratea
pachira,Pachira
pachira_aquatica,Pachira aquatica
pachira_type,Pachira
pagamea,Pagamea
palicourea,Palicourea
panopsis,Panopsis
panopsis,Magdalis
parahancornia,Parahancornia
parahancornia_sp,Parahancornia
passiflora,Passiflora
passifloraceae,Passifloraceae
paullinia,Paullinia
paullinia_25_mu_m,Paullinia
paullinia_psilate_small,Paullinia
paullinia_reticulate,Paullinia
paullinia_roupala,Paullinia
paullinia_tetraporate,Paullinia
paullinia_type_ii,Paullinia
peixotoa_type,Peixotoa
peltogyne,Peltogyne
pentaclethra,Pentaclethra
pera,Pera
pera_type,Pera
peritassa,Peritassa
phoradendron,Phoradendron
phyllanthaceae,Phyllanthaceae
phyllostylon,Phyllostylon
phytelephas_type,Phytelephas
picea,Picea
picea_abies,Picea glauca
pilgerodendron,Pilgerodendron
pilgerodendron_type,Pilgerodendron
pinaceae,Pinaceae
pinus,Pinus
pinus_podocarpus,Pinus
piper,Piper
piperaceae,Piperaceae
piptadenia,Piptadenia
piscidia,Piscidia
pisonia,Pisonia
pithecellobium,Pithecellobium
platanus,Platanus
platymiscium,Platymiscium
plenckia,Plenckia
plenckia_populnea,Plenckia populnea
pleonotoma,Pleonotoma
podocalyx,Podocalyx
podocarpaceae,Podocarpaceae
podocarpus,Podocarpus
podocarpus_nubigenus,Podocarpus nubigenus
podocarpus_salignus,Podocarpus salignus
podocarpus_thin,Podocarpus
podocarpus_type_1,Podocarpus
podocarpus_type_2,Podocarpus
polylepis,Polylepis
polylepis_acaena,Polylepis
populus,Populus
poraqueiba,Poraqueiba
posoqueria,Posoqueria
posoqueria_latifolia,Posoqueria latifolia
pourouma,Pourouma
pourouma_sorocea_maclura,Pourouma
pouteria,Pouteria
pouteria_aff_p_elegans,Pouteria
pouteria_guianensis,Pouteria guianensis
pouteria_sp,Pouteria
pouzolzia_type,Pouzolzia
prestonia,Prestonia
prestonia_type,Prestonia
prosopis,Prosopis
prosopis,Prosopeus
proteaceae,Proteaceae
proteaceae_cf_panopsis,Proteaceae
proteaceae_reticulate,Proteaceae
proteaceae_type_1,Proteaceae
proteaceae_undiff,Proteaceae
protium,Protium
protium_type,Protium
protium_type_a,Protium
protium_type_b,Protium
protium_type_i,Protium
protium_type_ii,Protium
protium_type_iii,Protium
protium_undiff,Protium
prumnopitys_andina,Prumnopitys andina
prunus,Prunus
prunus_type,Prunus
prunus_type_2,Prunus
pseudobombax,Pseudobombax
pseudobombax_type,Pseudobombax
pseudopanax,Pseudopanax
psidium,Psidium
psidium_guajava,Psidium guajava
psittacanthus,Psittacanthus
psychotria,Psychotria
psychotria_cf_p_carthagenensis,Psychotria
psychotria_type,Psychotria
psychotria_type_i,Psychotria
psychotria_type_ii,Psychotria
psychotria_undiff,Psychotria
pterandra,Pterandra
pterocarpus,Pterocarpus
pterogyne,Pterogyne
qualea,Qualea
quararibea,Quararibea
quercus,Quercus
rachicallis,Rachicallis
randia,Randia
rapanea,Myrsine
raukaua_laetevirens,Raukaua laetevirens
ravenea,Ravenea
rhamnaceae,Rhamnaceae
rhamnaceae_cf_colubrina_glandulosa,Rhamnaceae
rhamnaceae_undiff,Rhamnaceae
rhamnidium_elaeocarpum,Rhamnidium elaeocarpum
rhamnidium_type_1,Rhamnidium
rhamnus,Rhamnus
rhamnus_type,Rhamnus
rhamnus_type_1,Rhamnus
rheedia,Garcinia
rhipsalis,Rhipsalis
rhizophora,Rhizophora
rhizophora_mangle,Rhizophora mangle
rhizophoraceae,Rhizophoraceae
rhus,Rhus
ribes,Ribes
richeria,Richeria
rinorea,Rinorea
roupala,Roupala
roupala_sp,Roupala
roupala_type,Roupala
ruagea,Ruagea
rubiaceae,Rubiaceae
rubiaceae_aff_alibertia,Rubiaceae
rubiaceae_cf_alibertia_type,Rubiaceae
rubiaceae_cf_bertiera,Rubiaceae
rubiaceae_cf_cephaelis,Rubiaceae
rubiaceae_cf_guettarda,Rubiaceae
rubiaceae_cf_hoffmannia,Rubiaceae
rubiaceae_cf_psychotria,Rubiaceae
rubiaceae_cf_sabicea,Rubiaceae
rubiaceae_cf_uncaria,Rubiaceae
rubiaceae_cf_warszewiczia,Rubiaceae
rubiaceae_mitracarpus_type,Rubiaceae
rubiaceae_pro_parte,Rubiaceae
rubiaceae_tocoyena_type,Rubiaceae
rubiaceae_type,Rubiaceae
rubiaceae_type_1,Rubiaceae
rubiaceae_type_2,Rubiaceae
rubiaceae_type_25,Rubiaceae
rubiaceae_type_i,Rubiaceae
rubiaceae_undiff,Rubiaceae
rubus,Rubus
rubus_type,Rubus
rutaceae,Rutaceae
rutaceae_anacardiaceae,Rutaceae
rutaceae_undiff,Rutaceae
ryania,Ryania
sabal,Sabal
sabiaceae,Sabiaceae
sabicea,Sabicea
sabicea_type,Sabicea
sacoglottis,Sacoglottis
salicaceae,Salicaceae
salicaceae_cf_casearia,Salicaceae
salicaceae_cf_casearia_guianensis,Salicaceae
salicaceae_cf_neoptychocarpus,Salicaceae
salicaceae_undiff,Salicaceae
salix,Salix
salix_humboldtiana,Salix humboldtiana
salix_type,Salix
sambucus,Sambucus
sambucus_type,Sambucus
sapindaceae,Sapindaceae
sapindaceae_cf_matayba,Sapindaceae
sapindaceae_dodonaea_type,Sapindaceae
sapindaceae_type_1,Sapindaceae
sapindaceae_type_a,Sapindaceae
sapindaceae_undiff,Sapindaceae
sapium,Sapium
sapium_type,Sapium
sapium_type_1,Sapium
sapium_type_2,Sapium
sapotaceae,Sapotaceae
sapotaceae_cf_chrysophyllum,Sapotaceae
sapotaceae_type,Sapotaceae
sapotaceae_type_1,Sapotaceae
sapotaceae_type_a,Sapotaceae
sapotaceae_type_i,Sapotaceae
sapotaceae_type_ii,Sapotaceae
sapotaceae_undiff,Sapotaceae
sarcaulus_sp,Sarcaulus
sarcopera,Sarcopera
saurauia,Saurauia
saxegothaea,Saxegothaea
saxegothaea_conspicua,Saxegothaea conspicua
scheelea,Attalea
scheelea_type,Attalea
schefflera,Schefflera
schinopsis,Schinopsis
schinus,Schinus
schinus_type,Schinus
schizolobium,Schizolobium
schizolobium_parahyba,Schizolobium parahyba
schizolobium_sp,Schizolobium
schnella_cf_s_reflexa,Schnella
schnella_reflexa_type,Schnella
scleronema,Scleronema
scutia,Scutia
sebastiania,Sebastiania
sebastiania_brasiliensis,Sebastiania brasiliensis
sebastiania_cf_s_schottiana,Sebastiania
sebastiania_commersoniana,Sebastiania klotzschiana
sebastiania_type_1,Sebastiania
sebastiania_undiff,Sebastiania
secondatia_type_2,Secondatia
senefeldera,Senefeldera
senna,Senna
senna_multijuga,Senna multijuga
senna_type_1,Senna
senna_type_4,Senna
senna_undiff,Senna
serjania,Serjania
serjania_type_d,Serjania
sesuvium,Sesuvium
simarouba,Simarouba
simarouba_amara,Simarouba amara
simaroubaceae,Simaroubaceae
simira,Simira
siparuna,Siparuna
siparuna_type,Siparuna
sloanea,Sloanea
sloanea_floribunda,Sloanea
sloanea_stipitata,Sloanea guianensis
sloanea_type,Sloanea
sloanea_type_2,Sloanea
sloanea_undiff,Sloanea
socratea,Socratea
socratea_type,Socratea
souroubea,Souroubea
spermatophyta_undiff_trees,Tracheophyta
spirotheca,Spirotheca
spondias,Spondias
spondias_mombin,Spondias mombin
spondias_type,Spondias
spondias_type_20,Spondias
spondias_type_25,Spondias
spondias_type_32,Spondias
spondias_type_40,Spondias
spondias_type_ii,Spondias
spondias_undiff,Spondias
stemonurus,Stemonurus
sterculia,Sterculia
sterculioideae,Malvaceae
sterculioideae_undiff,Malvaceae
strumpfia,Strumpfia
struthanthus,Struthanthus
struthanthus_sp,Struthanthus
strychnos,Strychnos
stryphnodendron,Stryphnodendron
styloceras,Styloceras
stylogyne,Stylogyne
styrax,Styrax
styrax_type,Styrax
swartzia,Swartzia
swietenia,Swietenia
syagrus,Syagrus
syagrus_type,Syagrus
symmeria,Symmeria
symmeria_paniculata,Symmeria paniculata
symphonia,Symphonia
symphonia_globulifera,Symphonia globulifera
symphonia_type_a,Symphonia
symphonia_type_b,Symphonia
symplocaceae_cf_symplocos,Symplocaceae
symplocos,Symplocos
symplocos_coriacea,Symplocos coriacea
symplocos_diporate_psilate,Symplocos
symplocos_lanceolata_type,Symplocos
symplocos_peruviana,Symplocos peruviana
symplocos_tenuifolia_type,Symplocos
symplocos_type,Symplocos
symplocos_type_1,Symplocos
symplocos_type_2,Symplocos
symplocos_type_3,Symplocos
symplocos_uniflora,Symplocos uniflora
syngonium,Syngonium
tabebuia,Tabebuia
tabebuia_type_1,Tabebuia
tabebuia_type_3,Tabebuia
tabernaemontana,Tabernaemontana
tabernaemontana_type,Tabernaemontana
tachigali,Tachigali
talisia,Talisia
talisia_type,Talisia
talisia_type_2,Talisia
tanaecium,Tanaecium
tapirira,Tapirira
tapirira_aff_t_guianensis,Tapirira
tapirira_type,Tapirira
tapirira_type_1,Tapirira
tapirira_type_2,Tapirira
tapura_guianensis_type_1,Tapura guianensis
tecoma,Tecoma
tepualia,Tepualia
terminalia,Terminalia
terminalia_sect_bucida,Terminalia
ternstroemia,Ternstroemia
tetracera,Tetracera
tetragastris,Tetragastris
tetrapterys,Tetrapterys
tetrazygia,Miconia
tetrorchidium,Tetrorchidium
tetrorchidium_rubrivenium,Tetrorchidium rubrivenium
theaceae,Theaceae
theobroma,Theobroma
thouinia,Thouinia
thouinia,Chionanthus
tilia_type,Tilia
tilioideae,Malvaceae
tilioideae_cf_apeiba,Malvaceae
tilioideae_type,Malvaceae
tilioideae_type_1,Malvaceae
tilioideae_type_32,Malvaceae
tilioideae_undiff,Malvaceae
tocoyena,Tocoyena
tontelea,Tontelea
tournefortia,Tournefortia
tournefortia_rufo_minus_sericea,Tournefortia
tournefortia_type,Tournefortia
tovomita,Tovomita
tovomitopsis,Tovomitopsis
toxicodendron,Toxicodendron
tracheophyta_undiff_paramo_plants,Tracheophyta
trattinnickia,Trattinnickia
trattinnickia_sp,Trattinnickia
trema,Trema
trema_micrantha,Trema micrantha
trema_type,Trema
trema_type_2,Trema
trichanthera,Trichanthera
trichilia,Trichilia
trichilia_sp,Trichilia
trichilia_type,Trichilia
trichilia_type_2,Trichilia
trichilia_undiff,Trichilia
trigonia,Trigonia
triplaris,Triplaris
triplaris_coccoloba,Triplaris
tristerix,Tristerix
triumfetta,Triumfetta
trophis,Trophis
tsuga,Tsuga
turpinia_sp,Turpinia
ulmaceae,Ulmaceae
ulmus,Ulmus
ulmus_type,Ulmus
uncaria,Uncaria
unonopsis,Unonopsis
urera,Urera
urera_type,Urera
urticaceae_moraceae,Urticaceae
urticaceae_moraceae_diporate,Urticaceae
urticaceae_moraceae_hexaporate,Urticaceae
urticaceae_moraceae_pentaporate,Urticaceae
urticaceae_moraceae_tetraporate,Urticaceae
urticaceae_moraceae_triporate,Urticaceae
urticaceae_moraceae_type,Urticaceae
urticaceae_moraceae_undiff,Urticaceae
urticalean_rosids,Cannabaceae
urticalean_rosids_undiff,Cannabaceae
urvillea,Urvillea
vaccinium,Vaccinium
vaccinium_type,Vaccinium
vallea,Vallea
vallea_type,Vallea
vantanea,Vantanea
vantanea_type_1,Vantanea
viburnum,Viburnum
viburnum_type_1,Viburnum
virola,Virola
virola_type,Virola
visceae_cf_arceuthobium,Santalaceae
vismia,Vismia
vismia_type,Vismia
vitaceae,Vitaceae
vitaceae_cf_cissus,Vitaceae
vitex,Vitex
vitex_type,Vitex
vitis,Vitis
vochysia,Vochysia
vochysiaceae_undiff,Vochysiaceae
waltheria,Waltheria
warszewiczia,Warszewiczia
weinmannia,Weinmannia
weinmannia_sloanea_type,Weinmannia
weinmannia_trichosperma,Weinmannia trichosperma
weinmannia_type,Weinmannia
weinmannia_type_1,Weinmannia
weinmannia_type_2,Weinmannia
wendtia,Wendtia
wendtia_type,Wendtia
wettinia,Wettinia
ximenia_type,Ximenia
xylosma,Xylosma
xylosma_sp,Xylosma
xylosma_type,Xylosma
zanthoxylum,Zanthoxylum
zanthoxylum_type,Zanthoxylum
zeyheria,Zeyheria
zollernia,Zollernia
